5-5 17:56,9784.01,,,,,,,,,,
5-5 17:56,9784.01,,,,,,,,,,
5-5 17:56,9784.01,,,,,,,,,,
5-5 17:56,9784.01,,,,,,,,,,
5-5 17:56,9784.01,,,,,,,,,,
5-5 17:56,9784.01,,,,,,,,,,
5-5 17:56,9784.01,,,,,,,,,,
5-5 17:56,9784.01,,,,,,,,,,
5-5 17:56,9784.01,,,,,,,,,,
5-5 17:56,9784.01,,,,,,,,,,
5-5 17:56,9784.01,,,,,,,,,,
5-5 17:56,9784.01,,,,,,,,,,
5-5 17:56,9784.01,,,,,,,,,,
5-5 17:56,9784.01,,,,,,,,,,
5-5 17:56,9784.01,,,,,,,,,,
5-5 17:56,9784.01,,,,,,,,,,
5-5 17:56,9784.01,,,,,,,,,,
5-5 17:56,9784.01,,,,,,,,,,
5-5 17:56,9784.01,,,,,,,,,,
5-5 17:56,9784.01,,,,,,,,,,
5-5 17:56,9784.01,,,,,,,,,,
5-5 17:56,9784.01,,,,,,,,,,
5-5 17:56,9784.01,,,,,,,,,,
5-5 17:56,9784.01,,,,,,,,,,
5-5 17:56,9784.01,,,,,,,,,,
5-5 17:56,9784.01,,,,,,,,,,
5-5 17:56,9784.01,,,,,,,,,,
5-5 17:56,9784.01,,,,,,,,,,
5-5 17:56,9784.01,,,,,,,,,,
5-5 17:56,9784.01,,,,,,,,,,
5-5 17:56,9784.01,,,,,,,,,,
5-5 17:56,9784.01,,,,,,,,,,
5-5 17:56,9784.01,,,,,,,,,,
5-5 17:56,9784.01,,,,,,,,,,
5-5 17:56,9784.01,,,,,,,,,,
5-5 17:56,9784.01,,,,,,,,,,
5-5 17:56,9784.01,,,,,,,,,,
5-5 17:56,9784.01,,,,,,,,,,
5-5 17:56,9784.01,,,,,,,,,,
5-5 17:56,9784.01,,,,,,,,,,
5-5 17:56,9784.01,,,,,,,,,,
5-5 17:56,9784.01,,,,,,,,,,
5-5 17:56,9784.01,,,,,,,,,,
5-5 17:56,9784.01,,,,,,,,,,
5-5 17:56,9784.01,,,,,,,,,,
5-5 17:56,9784.01,,,,,,,,,,
5-5 17:56,9784.01,,,,,,,,,,
5-5 17:56,9784.01,,,,,,,,,,
5-5 17:56,9784.01,,,,,,,,,,
5-5 17:56,9784.01,,,,,,,,,,
5-5 17:56,9784.01,,,,,,,,,,
5-5 17:56,9784.01,,,,,,,,,,
5-5 17:56,9784.01,,,,,,,,,,
5-5 17:56,9784.01,,,,,,,,,,
5-5 17:56,9784.01,,,,,,,,,,
5-5 17:56,9784.01,,,,,,,,,,
5-5 17:56,9784.01,,,,,,,,,,
5-5 17:56,9784.01,,,,,,,,,,
,,,,,,,,,-0.59,-0.59,0
,,period gain: ,0.0,it is recommended to: buy,1,rsi index is: 1,arima index is: 0.09803907920145709,,,,
5-5 17:56,9784.01,,,,,,,,,,
5-5 17:56,9784.01,,,,,,,,,,
5-5 17:56,9784.01,,,,,,,,,,
5-5 17:56,9784.01,,,,,,,,,,
5-5 17:56,9784.01,,,,,,,,,,
5-5 17:56,9784.01,,,,,,,,,,
5-5 17:56,9784.01,,,,,,,,,,
5-5 17:56,9784.01,,,,,,,,,,
5-5 17:56,9784.01,,,,,,,,,,
5-5 17:56,9784.01,,,,,,,,,,
5-5 17:56,9784.01,,,,,,,,,,
5-5 17:56,9784.01,,,,,,,,,,
5-5 17:56,9784.01,,,,,,,,,,
5-5 17:56,9784.01,,,,,,,,,,
5-5 17:56,9784.01,,,,,,,,,,
5-5 17:56,9784.01,,,,,,,,,,
5-5 17:56,9784.01,,,,,,,,,,
5-5 17:56,9784.01,,,,,,,,,,
5-5 17:56,9784.01,,,,,,,,,,
5-5 17:56,9784.01,,,,,,,,,,
5-5 17:56,9784.01,,,,,,,,,,
5-5 17:56,9784.01,,,,,,,,,,
5-5 17:56,9784.01,,,,,,,,,,
5-5 17:56,9784.01,,,,,,,,,,
5-5 17:56,9784.01,,,,,,,,,,
5-5 17:56,9784.01,,,,,,,,,,
5-5 17:56,9784.01,,,,,,,,,,
5-5 17:56,9784.01,,,,,,,,,,
5-5 17:56,9784.01,,,,,,,,,,
5-5 17:56,9784.01,,,,,,,,,,
5-5 17:56,9784.01,,,,,,,,,,
5-5 17:56,9784.01,,,,,,,,,,
5-5 17:56,9784.01,,,,,,,,,,
5-5 17:56,9784.01,,,,,,,,,,
5-5 17:56,9784.01,,,,,,,,,,
5-5 17:56,9784.01,,,,,,,,,,
5-5 17:56,9784.01,,,,,,,,,,
5-5 17:56,9784.01,,,,,,,,,,
5-5 17:56,9784.01,,,,,,,,,,
5-5 17:56,9784.01,,,,,,,,,,
5-5 17:56,9784.01,,,,,,,,,,
5-5 17:56,9784.01,,,,,,,,,,
5-5 17:56,9784.01,,,,,,,,,,
5-5 17:56,9784.01,,,,,,,,,,
5-5 17:56,9784.01,,,,,,,,,,
5-5 17:56,9784.01,,,,,,,,,,
5-5 17:56,9784.01,,,,,,,,,,
5-5 17:56,9784.01,,,,,,,,,,
5-5 17:56,9784.01,,,,,,,,,,
5-5 17:56,9784.01,,,,,,,,,,
5-5 17:56,9784.01,,,,,,,,,,
5-5 17:56,9784.01,,,,,,,,,,
5-5 17:56,9784.01,,,,,,,,,,
5-5 17:56,9784.01,,,,,,,,,,
5-5 17:56,9784.01,,,,,,,,,,
5-5 17:56,9784.01,,,,,,,,,,
5-5 17:56,9784.01,,,,,,,,,,
5-5 17:56,9784.01,,,,,,,,,,
5-5 17:56,9784.01,,,,,,,,,,
5-5 17:56,9784.01,,,,,,,,,,
5-5 17:56,9784.01,,,,,,,,,,
5-5 17:56,9784.01,,,,,,,,,,
5-5 17:56,9784.01,,,,,,,,,,
5-5 17:56,9784.01,,,,,,,,,,
5-5 17:56,9784.01,,,,,,,,,,
5-5 17:56,9784.01,,,,,,,,,,
5-5 17:56,9784.01,,,,,,,,,,
5-5 17:56,9784.01,,,,,,,,,,
5-5 17:56,9784.01,,,,,,,,,,
5-5 17:56,9784.01,,,,,,,,,,
5-5 17:56,9784.01,,,,,,,,,,
5-5 17:56,9784.01,,,,,,,,,,
5-5 17:56,9784.01,,,,,,,,,,
5-5 17:56,9784.01,,,,,,,,,,
5-5 17:56,9784.01,,,,,,,,,,
5-5 17:56,9784.01,,,,,,,,,,
5-5 17:56,9784.01,,,,,,,,,,
5-5 17:56,9784.01,,,,,,,,,,
5-5 17:56,9784.01,,,,,,,,,,
5-5 17:56,9784.01,,,,,,,,,,
5-5 17:56,9784.01,,,,,,,,,,
5-5 17:56,9784.01,,,,,,,,,,
5-5 17:56,9784.01,,,,,,,,,,
5-5 17:56,9784.01,,,,,,,,,,
5-5 17:56,9784.01,,,,,,,,,,
5-5 17:56,9784.01,,,,,,,,,,
5-5 17:56,9784.01,,,,,,,,,,
5-5 17:56,9784.01,,,,,,,,,,
5-5 17:56,9784.01,,,,,,,,,,
5-5 17:56,9784.01,,,,,,,,,,
5-5 17:56,9784.01,,,,,,,,,,
5-5 17:56,9784.01,,,,,,,,,,
5-5 17:56,9784.01,,,,,,,,,,
5-5 17:56,9784.01,,,,,,,,,,
5-5 17:56,9784.01,,,,,,,,,,
5-5 17:56,9784.01,,,,,,,,,,
5-5 17:56,9784.01,,,,,,,,,,
5-5 17:56,9784.01,,,,,,,,,,
5-5 17:56,9784.01,,,,,,,,,,
5-5 17:56,9784.01,,,,,,,,,,
,,,,,,,,,-0.59,-0.59,0
,,period gain: ,0.0,it is recommended to: buy,1,rsi index is: 1,arima index is: 0.09803907920145712,,,,
5-5 17:56,9784.01,,,,,,,,,,
5-5 17:56,9784.01,,,,,,,,,,
5-5 17:56,9784.01,,,,,,,,,,
5-5 17:56,9784.01,,,,,,,,,,
5-5 17:56,9784.01,,,,,,,,,,
5-5 17:56,9784.01,,,,,,,,,,
5-5 17:56,9784.01,,,,,,,,,,
5-5 17:56,9784.01,,,,,,,,,,
5-5 17:56,9784.01,,,,,,,,,,
5-5 17:56,9784.01,,,,,,,,,,
5-5 17:56,9784.01,,,,,,,,,,
5-5 17:56,9784.01,,,,,,,,,,
5-5 17:56,9784.01,,,,,,,,,,
5-5 17:56,9784.01,,,,,,,,,,
5-5 17:56,9784.01,,,,,,,,,,
5-5 17:56,9784.01,,,,,,,,,,
5-5 17:56,9784.01,,,,,,,,,,
5-5 17:56,9784.01,,,,,,,,,,
5-5 17:56,9784.01,,,,,,,,,,
5-5 17:56,9784.01,,,,,,,,,,
5-5 17:56,9784.01,,,,,,,,,,
5-5 17:56,9784.01,,,,,,,,,,
5-5 17:56,9784.01,,,,,,,,,,
5-5 17:56,9784.01,,,,,,,,,,
5-5 17:56,9784.01,,,,,,,,,,
5-5 17:56,9784.01,,,,,,,,,,
5-5 17:56,9784.01,,,,,,,,,,
5-5 17:56,9784.01,,,,,,,,,,
5-5 17:56,9784.01,,,,,,,,,,
5-5 17:56,9784.01,,,,,,,,,,
5-5 17:56,9784.01,,,,,,,,,,
5-5 17:56,9784.01,,,,,,,,,,
5-5 17:56,9784.01,,,,,,,,,,
5-5 17:56,9784.01,,,,,,,,,,
5-5 17:56,9784.01,,,,,,,,,,
5-5 17:56,9784.01,,,,,,,,,,
5-5 17:56,9784.01,,,,,,,,,,
5-5 17:56,9784.01,,,,,,,,,,
5-5 17:56,9784.01,,,,,,,,,,
5-5 17:56,9784.01,,,,,,,,,,
5-5 17:56,9784.01,,,,,,,,,,
5-5 17:56,9784.01,,,,,,,,,,
5-5 17:56,9784.01,,,,,,,,,,
5-5 17:56,9784.01,,,,,,,,,,
5-5 17:56,9784.01,,,,,,,,,,
5-5 17:56,9784.01,,,,,,,,,,
5-5 17:56,9784.01,,,,,,,,,,
5-5 17:56,9784.01,,,,,,,,,,
5-5 17:56,9784.01,,,,,,,,,,
5-5 17:56,9784.01,,,,,,,,,,
5-5 17:56,9784.01,,,,,,,,,,
5-5 17:56,9784.01,,,,,,,,,,
5-5 17:56,9784.01,,,,,,,,,,
5-5 17:56,9784.01,,,,,,,,,,
5-5 17:56,9784.01,,,,,,,,,,
5-5 17:56,9784.01,,,,,,,,,,
5-5 17:56,9784.01,,,,,,,,,,
5-5 17:56,9784.01,,,,,,,,,,
5-5 17:56,9784.01,,,,,,,,,,
5-5 17:56,9784.01,,,,,,,,,,
5-5 17:56,9784.01,,,,,,,,,,
5-5 17:56,9784.01,,,,,,,,,,
5-5 17:56,9784.01,,,,,,,,,,
5-5 17:56,9784.01,,,,,,,,,,
5-5 17:56,9784.01,,,,,,,,,,
5-5 17:56,9784.01,,,,,,,,,,
5-5 17:56,9784.01,,,,,,,,,,
5-5 17:56,9784.01,,,,,,,,,,
5-5 17:56,9784.01,,,,,,,,,,
5-5 17:56,9784.01,,,,,,,,,,
5-5 17:56,9784.01,,,,,,,,,,
5-5 17:56,9784.01,,,,,,,,,,
5-5 17:56,9784.01,,,,,,,,,,
5-5 17:56,9784.01,,,,,,,,,,
5-5 17:56,9784.01,,,,,,,,,,
5-5 17:56,9784.01,,,,,,,,,,
5-5 17:56,9784.01,,,,,,,,,,
5-5 17:56,9784.01,,,,,,,,,,
5-5 17:56,9784.01,,,,,,,,,,
5-5 17:56,9784.01,,,,,,,,,,
5-5 17:56,9784.01,,,,,,,,,,
5-5 17:56,9784.01,,,,,,,,,,
5-5 17:56,9784.01,,,,,,,,,,
5-5 17:56,9784.01,,,,,,,,,,
5-5 17:56,9784.01,,,,,,,,,,
5-5 17:56,9784.01,,,,,,,,,,
5-5 17:56,9784.01,,,,,,,,,,
5-5 17:56,9784.01,,,,,,,,,,
5-5 17:56,9784.01,,,,,,,,,,
5-5 17:56,9784.01,,,,,,,,,,
5-5 17:56,9784.01,,,,,,,,,,
5-5 17:56,9784.01,,,,,,,,,,
5-5 17:56,9784.01,,,,,,,,,,
5-5 17:56,9784.01,,,,,,,,,,
5-5 17:56,9784.01,,,,,,,,,,
5-5 17:56,9784.01,,,,,,,,,,
5-5 17:56,9784.01,,,,,,,,,,
5-5 17:56,9784.01,,,,,,,,,,
5-5 17:56,9784.01,,,,,,,,,,
5-5 17:56,9784.01,,,,,,,,,,
,,,,,,,,,-0.59,-0.59,0
,,period gain: ,0.0,it is recommended to: buy,1,rsi index is: 1,arima index is: 0.09803907920145712,,,,
5-5 17:56,9784.01,,,,,,,,,,
5-5 17:56,9784.01,,,,,,,,,,
5-5 17:56,9784.01,,,,,,,,,,
5-5 17:56,9784.01,,,,,,,,,,
5-5 17:56,9784.01,,,,,,,,,,
5-5 17:56,9784.01,,,,,,,,,,
5-5 17:56,9784.01,,,,,,,,,,
5-5 17:56,9784.01,,,,,,,,,,
5-5 17:56,9784.01,,,,,,,,,,
5-5 17:56,9784.01,,,,,,,,,,
5-5 17:56,9784.01,,,,,,,,,,
5-5 17:56,9784.01,,,,,,,,,,
5-5 17:56,9784.01,,,,,,,,,,
5-5 17:56,9784.01,,,,,,,,,,
5-5 17:56,9784.01,,,,,,,,,,
5-5 17:56,9784.01,,,,,,,,,,
5-5 17:56,9784.01,,,,,,,,,,
5-5 17:56,9784.01,,,,,,,,,,
5-5 17:56,9784.01,,,,,,,,,,
5-5 17:56,9784.01,,,,,,,,,,
5-5 17:56,9784.01,,,,,,,,,,
5-5 17:56,9784.01,,,,,,,,,,
5-5 17:56,9784.01,,,,,,,,,,
5-5 17:56,9784.01,,,,,,,,,,
5-5 17:56,9784.01,,,,,,,,,,
5-5 17:56,9784.01,,,,,,,,,,
5-5 17:56,9784.01,,,,,,,,,,
5-5 17:56,9784.01,,,,,,,,,,
5-5 17:56,9784.01,,,,,,,,,,
5-5 17:56,9784.01,,,,,,,,,,
5-5 17:56,9784.01,,,,,,,,,,
5-5 17:56,9784.01,,,,,,,,,,
5-5 17:56,9784.01,,,,,,,,,,
5-5 17:56,9784.01,,,,,,,,,,
5-5 17:56,9784.01,,,,,,,,,,
5-5 17:56,9784.01,,,,,,,,,,
5-5 17:56,9784.01,,,,,,,,,,
5-5 17:56,9784.01,,,,,,,,,,
5-5 17:56,9784.01,,,,,,,,,,
5-5 17:56,9784.01,,,,,,,,,,
5-5 17:56,9784.01,,,,,,,,,,
5-5 17:56,9784.01,,,,,,,,,,
5-5 17:56,9784.01,,,,,,,,,,
5-5 17:56,9784.01,,,,,,,,,,
5-5 17:56,9784.01,,,,,,,,,,
5-5 17:56,9784.01,,,,,,,,,,
5-5 17:56,9784.01,,,,,,,,,,
5-5 17:56,9784.01,,,,,,,,,,
5-5 17:56,9784.01,,,,,,,,,,
5-5 17:56,9784.01,,,,,,,,,,
5-5 17:56,9784.01,,,,,,,,,,
5-5 17:56,9784.01,,,,,,,,,,
5-5 17:56,9784.01,,,,,,,,,,
5-5 17:56,9784.01,,,,,,,,,,
5-5 17:56,9784.01,,,,,,,,,,
5-5 17:56,9784.01,,,,,,,,,,
5-5 17:56,9784.01,,,,,,,,,,
5-5 17:56,9784.01,,,,,,,,,,
5-5 17:56,9784.01,,,,,,,,,,
5-5 17:56,9784.01,,,,,,,,,,
5-5 17:56,9784.01,,,,,,,,,,
5-5 17:56,9784.01,,,,,,,,,,
5-5 17:56,9784.01,,,,,,,,,,
5-5 17:56,9784.01,,,,,,,,,,
5-5 17:56,9784.01,,,,,,,,,,
5-5 17:56,9784.01,,,,,,,,,,
5-5 17:56,9784.01,,,,,,,,,,
5-5 17:56,9784.01,,,,,,,,,,
5-5 17:56,9784.01,,,,,,,,,,
5-5 17:56,9784.01,,,,,,,,,,
5-5 17:56,9784.01,,,,,,,,,,
5-5 17:56,9784.01,,,,,,,,,,
5-5 17:56,9784.01,,,,,,,,,,
5-5 17:56,9784.01,,,,,,,,,,
5-5 17:56,9784.01,,,,,,,,,,
5-5 17:56,9784.01,,,,,,,,,,
5-5 17:56,9784.01,,,,,,,,,,
5-5 17:56,9784.01,,,,,,,,,,
5-5 17:56,9784.01,,,,,,,,,,
5-5 17:56,9784.01,,,,,,,,,,
5-5 17:56,9784.01,,,,,,,,,,
5-5 17:56,9784.01,,,,,,,,,,
5-5 17:56,9784.01,,,,,,,,,,
5-5 17:56,9784.01,,,,,,,,,,
5-5 17:56,9784.01,,,,,,,,,,
5-5 17:56,9784.01,,,,,,,,,,
5-5 17:56,9784.01,,,,,,,,,,
5-5 17:56,9784.01,,,,,,,,,,
5-5 17:56,9784.01,,,,,,,,,,
5-5 17:56,9784.01,,,,,,,,,,
5-5 17:56,9784.01,,,,,,,,,,
5-5 17:56,9784.01,,,,,,,,,,
5-5 17:56,9784.01,,,,,,,,,,
5-5 17:56,9784.01,,,,,,,,,,
5-5 17:56,9784.01,,,,,,,,,,
5-5 17:56,9784.01,,,,,,,,,,
5-5 17:56,9784.01,,,,,,,,,,
5-5 17:56,9784.01,,,,,,,,,,
5-5 17:56,9784.01,,,,,,,,,,
5-5 17:56,9784.01,,,,,,,,,,
,,,,,,,,,-0.59,-0.59,0
,,period gain: ,0.0,it is recommended to: buy,1,rsi index is: 1,arima index is: 0.09803907920145714,,,,
5-5 17:56,9784.01,,,,,,,,,,
5-5 17:56,9784.01,,,,,,,,,,
5-5 17:56,9784.01,,,,,,,,,,
5-5 17:56,9784.01,,,,,,,,,,
5-5 17:56,9784.01,,,,,,,,,,
5-5 17:56,9784.01,,,,,,,,,,
5-5 17:56,9784.01,,,,,,,,,,
5-5 17:56,9784.01,,,,,,,,,,
5-5 17:56,9784.01,,,,,,,,,,
5-5 17:56,9784.01,,,,,,,,,,
5-5 17:56,9784.01,,,,,,,,,,
5-5 17:56,9784.01,,,,,,,,,,
5-5 17:56,9784.01,,,,,,,,,,
5-5 17:56,9784.01,,,,,,,,,,
5-5 17:56,9784.01,,,,,,,,,,
5-5 17:56,9784.01,,,,,,,,,,
5-5 17:56,9784.01,,,,,,,,,,
5-5 17:56,9784.01,,,,,,,,,,
5-5 17:56,9784.01,,,,,,,,,,
5-5 17:56,9784.01,,,,,,,,,,
5-5 17:56,9784.01,,,,,,,,,,
5-5 17:56,9784.01,,,,,,,,,,
5-5 17:56,9784.01,,,,,,,,,,
5-5 17:56,9784.01,,,,,,,,,,
5-5 17:56,9784.01,,,,,,,,,,
5-5 17:56,9784.01,,,,,,,,,,
5-5 17:56,9784.01,,,,,,,,,,
5-5 17:56,9784.01,,,,,,,,,,
5-5 17:56,9784.01,,,,,,,,,,
5-5 17:56,9784.01,,,,,,,,,,
5-5 17:56,9784.01,,,,,,,,,,
5-5 17:56,9784.01,,,,,,,,,,
5-5 17:56,9784.01,,,,,,,,,,
5-5 17:56,9784.01,,,,,,,,,,
5-5 17:56,9784.01,,,,,,,,,,
5-5 17:56,9784.01,,,,,,,,,,
5-5 17:56,9784.01,,,,,,,,,,
5-5 17:56,9784.01,,,,,,,,,,
5-5 17:56,9784.01,,,,,,,,,,
5-5 17:56,9784.01,,,,,,,,,,
5-5 17:56,9784.01,,,,,,,,,,
5-5 17:56,9784.01,,,,,,,,,,
5-5 17:56,9784.01,,,,,,,,,,
5-5 17:56,9784.01,,,,,,,,,,
5-5 17:56,9784.01,,,,,,,,,,
5-5 17:56,9784.01,,,,,,,,,,
5-5 17:56,9784.01,,,,,,,,,,
5-5 17:56,9784.01,,,,,,,,,,
5-5 17:56,9784.01,,,,,,,,,,
5-5 17:56,9784.01,,,,,,,,,,
5-5 17:56,9784.01,,,,,,,,,,
5-5 17:56,9784.01,,,,,,,,,,
5-5 17:56,9784.01,,,,,,,,,,
5-5 17:56,9784.01,,,,,,,,,,
5-5 17:56,9784.01,,,,,,,,,,
5-5 17:56,9784.01,,,,,,,,,,
5-5 17:56,9784.01,,,,,,,,,,
5-5 17:56,9784.01,,,,,,,,,,
5-5 17:56,9784.01,,,,,,,,,,
5-5 17:56,9784.01,,,,,,,,,,
5-5 17:56,9784.01,,,,,,,,,,
5-5 17:56,9784.01,,,,,,,,,,
5-5 17:56,9784.01,,,,,,,,,,
5-5 17:56,9784.01,,,,,,,,,,
5-5 17:56,9784.01,,,,,,,,,,
5-5 17:56,9784.01,,,,,,,,,,
5-5 17:56,9784.01,,,,,,,,,,
5-5 17:56,9784.01,,,,,,,,,,
5-5 17:56,9784.01,,,,,,,,,,
5-5 17:56,9784.01,,,,,,,,,,
5-5 17:56,9784.01,,,,,,,,,,
5-5 17:56,9784.01,,,,,,,,,,
5-5 17:56,9784.01,,,,,,,,,,
5-5 17:56,9784.01,,,,,,,,,,
5-5 17:56,9784.01,,,,,,,,,,
5-5 17:56,9784.01,,,,,,,,,,
5-5 17:56,9784.01,,,,,,,,,,
5-5 17:56,9784.01,,,,,,,,,,
5-5 17:56,9784.01,,,,,,,,,,
5-5 17:56,9784.01,,,,,,,,,,
5-5 17:56,9784.01,,,,,,,,,,
5-5 17:56,9784.01,,,,,,,,,,
5-5 17:56,9784.01,,,,,,,,,,
5-5 17:56,9784.01,,,,,,,,,,
5-5 17:56,9784.01,,,,,,,,,,
5-5 17:56,9784.01,,,,,,,,,,
5-5 17:56,9784.01,,,,,,,,,,
5-5 17:56,9784.01,,,,,,,,,,
5-5 17:56,9784.01,,,,,,,,,,
5-5 17:56,9784.01,,,,,,,,,,
5-5 17:56,9784.01,,,,,,,,,,
5-5 17:56,9784.01,,,,,,,,,,
5-5 17:56,9784.01,,,,,,,,,,
5-5 17:56,9784.01,,,,,,,,,,
5-5 17:56,9784.01,,,,,,,,,,
5-5 17:56,9784.01,,,,,,,,,,
5-5 17:56,9784.01,,,,,,,,,,
5-5 17:56,9784.01,,,,,,,,,,
5-5 17:56,9784.01,,,,,,,,,,
5-5 17:56,9784.01,,,,,,,,,,
,,,,,,,,,-0.59,-0.59,0
,,period gain: ,0.0,it is recommended to: buy,1,rsi index is: 1,arima index is: 0.09731620325819805,,,,
5-5 14:24,9850.76,,,,,,,,,,
5-5 14:24,9850.76,,,,,,,,,,
5-5 14:24,9850.76,,,,,,,,,,
5-5 14:24,9850.76,,,,,,,,,,
5-5 14:24,9850.76,,,,,,,,,,
5-5 14:24,9850.76,,,,,,,,,,
5-5 14:24,9850.76,,,,,,,,,,
5-5 14:24,9850.76,,,,,,,,,,
5-5 14:24,9850.76,,,,,,,,,,
5-5 14:24,9850.76,,,,,,,,,,
5-5 14:24,9850.76,,,,,,,,,,
5-5 14:24,9850.76,,,,,,,,,,
5-5 14:24,9850.76,,,,,,,,,,
5-5 14:24,9850.76,,,,,,,,,,
5-5 14:24,9850.76,,,,,,,,,,
5-5 14:24,9850.76,,,,,,,,,,
5-5 14:24,9850.76,,,,,,,,,,
5-5 14:24,9850.76,,,,,,,,,,
5-5 14:24,9850.76,,,,,,,,,,
5-5 14:24,9850.76,,,,,,,,,,
5-5 14:24,9850.76,,,,,,,,,,
5-5 14:24,9850.76,,,,,,,,,,
5-5 14:24,9850.76,,,,,,,,,,
5-5 14:24,9850.76,,,,,,,,,,
5-5 14:24,9850.76,,,,,,,,,,
5-5 14:24,9850.76,,,,,,,,,,
5-5 14:24,9850.76,,,,,,,,,,
5-5 14:24,9850.76,,,,,,,,,,
5-5 14:24,9850.76,,,,,,,,,,
5-5 14:24,9850.76,,,,,,,,,,
5-5 14:24,9850.76,,,,,,,,,,
5-5 14:24,9850.76,,,,,,,,,,
5-5 14:24,9850.76,,,,,,,,,,
5-5 14:24,9850.76,,,,,,,,,,
5-5 14:24,9850.76,,,,,,,,,,
5-5 14:24,9850.76,,,,,,,,,,
5-5 14:24,9850.76,,,,,,,,,,
5-5 14:24,9850.76,,,,,,,,,,
5-5 14:24,9850.76,,,,,,,,,,
5-5 14:24,9850.76,,,,,,,,,,
5-5 14:24,9850.76,,,,,,,,,,
5-5 14:24,9850.76,,,,,,,,,,
5-5 14:24,9850.76,,,,,,,,,,
5-5 14:24,9850.76,,,,,,,,,,
5-5 14:24,9850.76,,,,,,,,,,
5-5 14:24,9850.76,,,,,,,,,,
5-5 14:24,9850.76,,,,,,,,,,
5-5 14:24,9850.76,,,,,,,,,,
5-5 14:24,9850.76,,,,,,,,,,
5-5 14:24,9850.76,,,,,,,,,,
5-5 14:24,9850.76,,,,,,,,,,
5-5 14:24,9850.76,,,,,,,,,,
5-5 14:24,9850.76,,,,,,,,,,
5-5 14:24,9850.76,,,,,,,,,,
5-5 14:24,9850.76,,,,,,,,,,
5-5 14:24,9850.76,,,,,,,,,,
5-5 14:24,9850.76,,,,,,,,,,
5-5 14:24,9850.76,,,,,,,,,,
5-5 14:24,9850.76,,,,,,,,,,
5-5 14:24,9850.76,,,,,,,,,,
5-5 14:24,9850.76,,,,,,,,,,
5-5 14:24,9850.76,,,,,,,,,,
5-5 14:24,9850.76,,,,,,,,,,
5-5 14:24,9850.76,,,,,,,,,,
5-5 14:24,9850.76,,,,,,,,,,
5-5 14:24,9850.76,,,,,,,,,,
5-5 14:24,9850.76,,,,,,,,,,
5-5 14:24,9850.76,,,,,,,,,,
5-5 14:24,9850.76,,,,,,,,,,
5-5 14:24,9850.76,,,,,,,,,,
5-5 14:24,9850.76,,,,,,,,,,
5-5 14:24,9850.76,,,,,,,,,,
5-5 14:24,9850.76,,,,,,,,,,
5-5 14:24,9850.76,,,,,,,,,,
5-5 14:24,9850.76,,,,,,,,,,
5-5 14:24,9850.76,,,,,,,,,,
5-5 14:24,9850.76,,,,,,,,,,
5-5 14:24,9850.76,,,,,,,,,,
5-5 14:24,9850.76,,,,,,,,,,
5-5 14:24,9850.76,,,,,,,,,,
5-5 14:24,9850.76,,,,,,,,,,
5-5 14:24,9850.76,,,,,,,,,,
5-5 14:24,9850.76,,,,,,,,,,
5-5 14:24,9850.76,,,,,,,,,,
5-5 14:24,9850.76,,,,,,,,,,
5-5 14:24,9850.76,,,,,,,,,,
5-5 14:24,9850.76,,,,,,,,,,
5-5 14:24,9850.76,,,,,,,,,,
5-5 14:24,9850.76,,,,,,,,,,
5-5 14:24,9850.76,,,,,,,,,,
5-5 14:24,9850.76,,,,,,,,,,
5-5 14:24,9850.76,,,,,,,,,,
5-5 14:24,9850.76,,,,,,,,,,
5-5 14:24,9850.76,,,,,,,,,,
5-5 14:24,9850.76,,,,,,,,,,
5-5 14:24,9850.76,,,,,,,,,,
5-5 14:24,9850.76,,,,,,,,,,
5-5 14:24,9850.76,,,,,,,,,,
5-5 14:24,9850.76,,,,,,,,,,
5-5 14:24,9850.76,,,,,,,,,,
5-5 14:17,9863.91,,,,,,,,,,
5-5 14:17,9863.91,,,,,,,,,,
5-5 14:17,9863.91,,,,,,,,,,
5-5 14:17,9863.91,,,,,,,,,,
5-5 14:17,9863.91,,,,,,,,,,
5-5 14:17,9863.91,,,,,,,,,,
5-5 14:17,9863.91,,,,,,,,,,
5-5 14:17,9863.91,,,,,,,,,,
5-5 14:17,9863.91,,,,,,,,,,
5-5 14:17,9863.91,,,,,,,,,,
5-5 14:17,9863.91,,,,,,,,,,
5-5 5:25,9833.49,,,,,,,,,,
5-5 5:25,9833.49,,,,,,,,,,
5-5 5:25,9833.49,,,,,,,,,,
5-5 5:25,9833.49,,,,,,,,,,
5-5 5:25,9833.49,,,,,,,,,,
5-5 5:25,9833.49,,,,,,,,,,
5-5 5:25,9833.49,,,,,,,,,,
5-5 5:25,9833.49,,,,,,,,,,
5-5 5:25,9833.49,,,,,,,,,,
5-5 5:25,9833.49,,,,,,,,,,
5-5 5:25,9833.49,,,,,,,,,,
5-5 5:25,9833.49,,,,,,,,,,
5-5 5:25,9833.49,,,,,,,,,,
5-5 5:25,9833.49,,,,,,,,,,
5-5 5:25,9833.49,,,,,,,,,,
5-5 5:25,9833.49,,,,,,,,,,
5-5 5:25,9833.49,,,,,,,,,,
5-5 5:25,9833.49,,,,,,,,,,
5-5 5:25,9833.49,,,,,,,,,,
5-5 5:25,9833.49,,,,,,,,,,
5-5 5:25,9833.49,,,,,,,,,,
5-5 5:25,9833.49,,,,,,,,,,
5-5 5:25,9833.49,,,,,,,,,,
5-5 5:25,9833.49,,,,,,,,,,
5-5 5:25,9833.49,,,,,,,,,,
5-5 5:25,9833.49,,,,,,,,,,
5-5 5:25,9833.49,,,,,,,,,,
5-5 5:25,9833.49,,,,,,,,,,
5-5 5:25,9833.49,,,,,,,,,,
5-5 5:25,9833.49,,,,,,,,,,
5-5 5:25,9833.49,,,,,,,,,,
5-5 5:25,9833.49,,,,,,,,,,
5-5 5:25,9833.49,,,,,,,,,,
5-5 5:25,9833.49,,,,,,,,,,
5-5 5:25,9833.49,,,,,,,,,,
5-5 5:25,9833.49,,,,,,,,,,
5-5 5:25,9833.49,,,,,,,,,,
5-5 5:25,9833.49,,,,,,,,,,
5-5 5:25,9833.49,,,,,,,,,,
5-5 5:25,9833.49,,,,,,,,,,
5-5 5:25,9833.49,,,,,,,,,,
5-5 5:25,9833.49,,,,,,,,,,
5-5 5:25,9833.49,,,,,,,,,,
5-5 5:25,9833.49,,,,,,,,,,
5-5 5:25,9833.49,,,,,,,,,,
5-5 5:25,9833.49,,,,,,,,,,
5-5 5:25,9833.49,,,,,,,,,,
5-5 5:25,9833.49,,,,,,,,,,
5-5 5:25,9833.49,,,,,,,,,,
5-5 5:25,9833.49,,,,,,,,,,
5-5 5:25,9833.49,,,,,,,,,,
5-5 5:25,9833.49,,,,,,,,,,
5-5 5:25,9833.49,,,,,,,,,,
5-5 5:25,9833.49,,,,,,,,,,
5-5 5:25,9833.49,,,,,,,,,,
5-5 5:25,9833.49,,,,,,,,,,
5-5 5:25,9833.49,,,,,,,,,,
5-5 5:25,9833.49,,,,,,,,,,
5-5 5:25,9833.49,,,,,,,,,,
5-5 5:25,9833.49,,,,,,,,,,
5-5 5:25,9833.49,,,,,,,,,,
5-5 5:25,9833.49,,,,,,,,,,
5-5 5:25,9833.49,,,,,,,,,,
5-5 5:25,9833.49,,,,,,,,,,
5-5 5:25,9833.49,,,,,,,,,,
5-5 5:25,9833.49,,,,,,,,,,
5-5 5:25,9833.49,,,,,,,,,,
5-5 5:25,9833.49,,,,,,,,,,
5-5 5:25,9833.49,,,,,,,,,,
5-5 5:25,9833.49,,,,,,,,,,
5-5 5:25,9833.49,,,,,,,,,,
5-5 5:25,9833.49,,,,,,,,,,
5-5 5:25,9833.49,,,,,,,,,,
5-5 5:25,9833.49,,,,,,,,,,
5-5 5:25,9833.49,,,,,,,,,,
5-5 5:25,9833.49,,,,,,,,,,
5-5 5:25,9833.49,,,,,,,,,,
5-5 5:25,9833.49,,,,,,,,,,
5-5 5:25,9833.49,,,,,,,,,,
5-5 5:25,9833.49,,,,,,,,,,
5-5 5:25,9833.49,,,,,,,,,,
5-5 5:25,9833.49,,,,,,,,,,
5-5 5:25,9833.49,,,,,,,,,,
5-5 5:25,9833.49,,,,,,,,,,
5-5 5:25,9833.49,,,,,,,,,,
5-5 5:25,9833.49,,,,,,,,,,
5-5 5:25,9833.49,,,,,,,,,,
5-5 5:25,9833.49,,,,,,,,,,
5-5 5:25,9833.49,,,,,,,,,,
5-5 5:25,9833.49,,,,,,,,,,
5-5 5:25,9833.49,,,,,,,,,,
5-5 5:25,9833.49,,,,,,,,,,
5-5 5:25,9833.49,,,,,,,,,,
5-5 5:25,9833.49,,,,,,,,,,
5-5 5:25,9833.49,,,,,,,,,,
5-5 5:25,9833.49,,,,,,,,,,
5-5 5:25,9833.49,,,,,,,,,,
5-5 5:25,9833.49,,,,,,,,,,
5-5 5:25,9833.49,,,,,,,,,,
5-5 5:25,9833.49,,,,,,,,,,
,,period gain: ,0.0,it is recommended to: buy,1,rsi index is: 1,arima index is: 0.09748800879266281,,,,
5-5 5:25,9833.49,,,,,,,,,,
5-5 5:25,9833.49,,,,,,,,,,
5-5 5:25,9833.49,,,,,,,,,,
5-5 5:25,9833.49,,,,,,,,,,
5-5 5:25,9833.49,,,,,,,,,,
5-5 5:25,9833.49,,,,,,,,,,
5-5 5:25,9833.49,,,,,,,,,,
5-5 5:25,9833.49,,,,,,,,,,
5-5 5:25,9833.49,,,,,,,,,,
5-5 5:25,9833.49,,,,,,,,,,
5-5 5:25,9833.49,,,,,,,,,,
5-5 5:25,9833.49,,,,,,,,,,
5-5 5:25,9833.49,,,,,,,,,,
5-5 5:25,9833.49,,,,,,,,,,
5-5 5:25,9833.49,,,,,,,,,,
5-5 5:25,9833.49,,,,,,,,,,
5-5 5:25,9833.49,,,,,,,,,,
5-5 5:25,9833.49,,,,,,,,,,
5-5 5:25,9833.49,,,,,,,,,,
5-5 5:25,9833.49,,,,,,,,,,
5-5 5:25,9833.49,,,,,,,,,,
5-5 5:25,9833.49,,,,,,,,,,
5-5 5:25,9833.49,,,,,,,,,,
5-5 5:25,9833.49,,,,,,,,,,
5-5 5:25,9833.49,,,,,,,,,,
5-5 5:25,9833.49,,,,,,,,,,
5-5 5:25,9833.49,,,,,,,,,,
5-5 5:25,9833.49,,,,,,,,,,
5-5 5:25,9833.49,,,,,,,,,,
5-5 5:25,9833.49,,,,,,,,,,
5-5 5:25,9833.49,,,,,,,,,,
5-5 5:25,9833.49,,,,,,,,,,
5-5 5:25,9833.49,,,,,,,,,,
5-5 5:25,9833.49,,,,,,,,,,
5-5 5:25,9833.49,,,,,,,,,,
5-5 5:25,9833.49,,,,,,,,,,
5-5 5:25,9833.49,,,,,,,,,,
5-5 5:25,9833.49,,,,,,,,,,
5-5 5:25,9833.49,,,,,,,,,,
5-5 5:25,9833.49,,,,,,,,,,
5-5 5:25,9833.49,,,,,,,,,,
5-5 5:25,9833.49,,,,,,,,,,
5-5 5:25,9833.49,,,,,,,,,,
5-5 5:25,9833.49,,,,,,,,,,
5-5 5:25,9833.49,,,,,,,,,,
5-5 5:25,9833.49,,,,,,,,,,
5-5 5:25,9833.49,,,,,,,,,,
5-5 5:25,9833.49,,,,,,,,,,
5-5 5:25,9833.49,,,,,,,,,,
5-5 5:25,9833.49,,,,,,,,,,
5-5 5:25,9833.49,,,,,,,,,,
5-5 5:25,9833.49,,,,,,,,,,
5-5 5:25,9833.49,,,,,,,,,,
5-5 5:25,9833.49,,,,,,,,,,
5-5 5:25,9833.49,,,,,,,,,,
5-5 5:25,9833.49,,,,,,,,,,
5-5 5:25,9833.49,,,,,,,,,,
5-5 5:25,9833.49,,,,,,,,,,
5-5 5:25,9833.49,,,,,,,,,,
5-5 5:25,9833.49,,,,,,,,,,
5-5 5:25,9833.49,,,,,,,,,,
5-5 5:25,9833.49,,,,,,,,,,
5-5 5:25,9833.49,,,,,,,,,,
5-5 5:25,9833.49,,,,,,,,,,
5-5 5:25,9833.49,,,,,,,,,,
5-5 5:25,9833.49,,,,,,,,,,
5-5 5:25,9833.49,,,,,,,,,,
5-5 5:25,9833.49,,,,,,,,,,
5-5 5:25,9833.49,,,,,,,,,,
5-5 5:25,9833.49,,,,,,,,,,
5-5 5:25,9833.49,,,,,,,,,,
5-5 5:25,9833.49,,,,,,,,,,
5-5 5:25,9833.49,,,,,,,,,,
5-5 5:25,9833.49,,,,,,,,,,
5-5 5:25,9833.49,,,,,,,,,,
5-5 5:25,9833.49,,,,,,,,,,
5-5 5:25,9833.49,,,,,,,,,,
5-5 5:25,9833.49,,,,,,,,,,
5-5 5:25,9833.49,,,,,,,,,,
5-5 5:25,9833.49,,,,,,,,,,
5-5 5:25,9833.49,,,,,,,,,,
5-5 5:25,9833.49,,,,,,,,,,
5-5 5:25,9833.49,,,,,,,,,,
5-5 5:25,9833.49,,,,,,,,,,
5-5 5:25,9833.49,,,,,,,,,,
5-5 5:25,9833.49,,,,,,,,,,
5-5 5:25,9833.49,,,,,,,,,,
5-5 5:25,9833.49,,,,,,,,,,
5-5 5:25,9833.49,,,,,,,,,,
5-5 5:25,9833.49,,,,,,,,,,
5-5 5:25,9833.49,,,,,,,,,,
5-5 5:25,9833.49,,,,,,,,,,
5-5 5:25,9833.49,,,,,,,,,,
5-5 5:25,9833.49,,,,,,,,,,
5-5 5:25,9833.49,,,,,,,,,,
5-5 5:25,9833.49,,,,,,,,,,
5-5 5:25,9833.49,,,,,,,,,,
5-5 5:25,9833.49,,,,,,,,,,
5-5 5:25,9833.49,,,,,,,,,,
5-5 5:25,9833.49,,,,,,,,,,
,,period gain: ,0.0,it is recommended to: buy,1,rsi index is: 1,arima index is: 0.09748800879266281,,,,
5-5 5:25,9833.49,,,,,,,,,,
5-5 5:25,9833.49,,,,,,,,,,
5-5 5:25,9833.49,,,,,,,,,,
5-5 5:25,9833.49,,,,,,,,,,
5-5 5:25,9833.49,,,,,,,,,,
5-5 5:25,9833.49,,,,,,,,,,
5-5 5:25,9833.49,,,,,,,,,,
5-5 5:25,9833.49,,,,,,,,,,
5-5 5:25,9833.49,,,,,,,,,,
5-5 5:25,9833.49,,,,,,,,,,
5-5 5:25,9833.49,,,,,,,,,,
5-5 5:25,9833.49,,,,,,,,,,
5-5 5:25,9833.49,,,,,,,,,,
5-5 5:25,9833.49,,,,,,,,,,
5-5 5:25,9833.49,,,,,,,,,,
5-5 5:25,9833.49,,,,,,,,,,
5-5 5:25,9833.49,,,,,,,,,,
5-5 5:25,9833.49,,,,,,,,,,
5-5 5:25,9833.49,,,,,,,,,,
5-5 5:25,9833.49,,,,,,,,,,
5-5 5:25,9833.49,,,,,,,,,,
5-5 5:25,9833.49,,,,,,,,,,
5-5 5:25,9833.49,,,,,,,,,,
5-5 5:25,9833.49,,,,,,,,,,
5-5 5:25,9833.49,,,,,,,,,,
5-5 5:25,9833.49,,,,,,,,,,
5-5 5:25,9833.49,,,,,,,,,,
5-5 5:25,9833.49,,,,,,,,,,
5-5 5:25,9833.49,,,,,,,,,,
5-5 5:25,9833.49,,,,,,,,,,
5-5 5:25,9833.49,,,,,,,,,,
5-5 5:25,9833.49,,,,,,,,,,
5-5 5:25,9833.49,,,,,,,,,,
5-5 5:25,9833.49,,,,,,,,,,
5-5 5:25,9833.49,,,,,,,,,,
5-5 5:25,9833.49,,,,,,,,,,
5-5 5:25,9833.49,,,,,,,,,,
5-5 5:25,9833.49,,,,,,,,,,
5-5 5:25,9833.49,,,,,,,,,,
5-5 5:25,9833.49,,,,,,,,,,
5-5 5:25,9833.49,,,,,,,,,,
5-5 5:25,9833.49,,,,,,,,,,
5-5 5:25,9833.49,,,,,,,,,,
5-5 5:25,9833.49,,,,,,,,,,
5-5 5:25,9833.49,,,,,,,,,,
5-5 5:25,9833.49,,,,,,,,,,
5-5 5:25,9833.49,,,,,,,,,,
5-5 5:25,9833.49,,,,,,,,,,
5-5 5:25,9833.49,,,,,,,,,,
5-5 5:25,9833.49,,,,,,,,,,
5-5 5:25,9833.49,,,,,,,,,,
5-5 5:25,9833.49,,,,,,,,,,
5-5 5:25,9833.49,,,,,,,,,,
5-5 5:25,9833.49,,,,,,,,,,
5-5 5:25,9833.49,,,,,,,,,,
5-5 5:25,9833.49,,,,,,,,,,
5-5 5:25,9833.49,,,,,,,,,,
5-5 5:25,9833.49,,,,,,,,,,
5-5 5:25,9833.49,,,,,,,,,,
5-5 5:25,9833.49,,,,,,,,,,
5-5 5:25,9833.49,,,,,,,,,,
5-5 5:25,9833.49,,,,,,,,,,
5-5 5:25,9833.49,,,,,,,,,,
5-5 5:25,9833.49,,,,,,,,,,
5-5 5:25,9833.49,,,,,,,,,,
5-5 5:25,9833.49,,,,,,,,,,
5-5 5:25,9833.49,,,,,,,,,,
5-5 5:25,9833.49,,,,,,,,,,
5-5 5:25,9833.49,,,,,,,,,,
5-5 5:25,9833.49,,,,,,,,,,
5-5 5:25,9833.49,,,,,,,,,,
5-5 5:25,9833.49,,,,,,,,,,
5-5 5:25,9833.49,,,,,,,,,,
5-5 5:25,9833.49,,,,,,,,,,
5-5 5:25,9833.49,,,,,,,,,,
5-5 5:25,9833.49,,,,,,,,,,
5-5 5:25,9833.49,,,,,,,,,,
5-5 5:25,9833.49,,,,,,,,,,
5-5 5:25,9833.49,,,,,,,,,,
5-5 5:25,9833.49,,,,,,,,,,
5-5 5:25,9833.49,,,,,,,,,,
5-5 5:25,9833.49,,,,,,,,,,
5-5 5:25,9833.49,,,,,,,,,,
5-5 5:25,9833.49,,,,,,,,,,
5-5 5:25,9833.49,,,,,,,,,,
5-5 5:25,9833.49,,,,,,,,,,
5-5 5:25,9833.49,,,,,,,,,,
5-5 5:25,9833.49,,,,,,,,,,
5-5 5:25,9833.49,,,,,,,,,,
5-5 5:25,9833.49,,,,,,,,,,
5-5 5:25,9833.49,,,,,,,,,,
5-5 5:25,9833.49,,,,,,,,,,
5-5 5:25,9833.49,,,,,,,,,,
5-5 5:25,9833.49,,,,,,,,,,
5-5 5:25,9833.49,,,,,,,,,,
5-5 5:25,9833.49,,,,,,,,,,
5-5 5:25,9833.49,,,,,,,,,,
5-5 5:25,9833.49,,,,,,,,,,
5-5 5:25,9833.49,,,,,,,,,,
5-5 5:25,9833.49,,,,,,,,,,
5-5 5:20,9834.68,,,,,,,,,,
5-5 5:20,9834.68,,,,,,,,,,
5-5 5:20,9834.68,,,,,,,,,,
5-5 5:20,9834.68,,,,,,,,,,
5-5 5:20,9834.68,,,,,,,,,,
5-5 5:20,9834.68,,,,,,,,,,
5-5 4:0,9791.44,,,,,,,,,,
5-5 4:0,9791.44,,,,,,,,,,
5-5 4:0,9791.44,,,,,,,,,,
5-5 4:0,9791.44,,,,,,,,,,
5-5 4:0,9791.44,,,,,,,,,,
5-5 4:0,9791.44,,,,,,,,,,
5-5 4:0,9791.44,,,,,,,,,,
5-5 4:0,9791.44,,,,,,,,,,
5-5 4:0,9791.44,,,,,,,,,,
5-5 4:0,9791.44,,,,,,,,,,
5-5 4:0,9791.44,,,,,,,,,,
5-5 4:0,9791.44,,,,,,,,,,
5-5 4:0,9791.44,,,,,,,,,,
5-5 4:0,9791.44,,,,,,,,,,
5-5 4:0,9791.44,,,,,,,,,,
5-5 4:0,9791.44,,,,,,,,,,
5-5 4:0,9791.44,,,,,,,,,,
5-5 4:0,9791.44,,,,,,,,,,
5-5 4:0,9791.44,,,,,,,,,,
5-5 4:0,9791.44,,,,,,,,,,
5-5 4:0,9791.44,,,,,,,,,,
5-5 4:0,9791.44,,,,,,,,,,
5-5 4:0,9791.44,,,,,,,,,,
5-5 4:0,9791.44,,,,,,,,,,
5-5 4:0,9791.44,,,,,,,,,,
5-5 4:0,9791.44,,,,,,,,,,
5-5 4:0,9791.44,,,,,,,,,,
5-5 4:0,9791.44,,,,,,,,,,
5-5 4:0,9791.44,,,,,,,,,,
5-5 4:0,9791.44,,,,,,,,,,
5-5 4:0,9791.44,,,,,,,,,,
5-5 4:0,9791.44,,,,,,,,,,
5-5 4:0,9791.44,,,,,,,,,,
5-5 4:0,9791.44,,,,,,,,,,
5-5 4:0,9791.44,,,,,,,,,,
5-5 4:0,9791.44,,,,,,,,,,
5-5 4:0,9791.44,,,,,,,,,,
5-5 3:58,9793.01,,,,,,,,,,
5-5 3:58,9793.01,,,,,,,,,,
5-5 3:58,9793.01,,,,,,,,,,
5-5 3:57,9793.01,,,,,,,,,,
5-5 3:53,9790.63,,,,,,,,,,
5-5 3:51,9790.63,,,,,,,,,,
5-5 0:26,9828.93,,,,,,,,,,
5-5 0:26,9828.93,,,,,,,,,,
5-5 0:26,9828.93,,,,,,,,,,
5-5 0:26,9828.93,,,,,,,,,,
5-5 0:26,9828.93,,,,,,,,,,
5-5 0:26,9828.93,,,,,,,,,,
,,period gain: ,0.0,it is recommended to: buy,1,rsi index is: 1,arima index is: 0.09751367023631169,,,,
5-5 0:26,9828.93,,,,,,,,,,
5-5 0:26,9828.93,,,,,,,,,,
5-5 0:26,9828.93,,,,,,,,,,
5-5 0:26,9828.93,,,,,,,,,,
5-5 0:26,9828.93,,,,,,,,,,
5-5 0:26,9828.93,,,,,,,,,,
5-5 0:26,9828.93,,,,,,,,,,
5-5 0:26,9828.93,,,,,,,,,,
5-5 0:26,9828.93,,,,,,,,,,
5-5 0:26,9828.93,,,,,,,,,,
5-5 0:26,9828.93,,,,,,,,,,
5-5 0:26,9828.93,,,,,,,,,,
5-5 0:26,9828.93,,,,,,,,,,
5-5 0:26,9828.93,,,,,,,,,,
5-5 0:26,9828.93,,,,,,,,,,
5-5 0:26,9828.93,,,,,,,,,,
5-5 0:26,9828.93,,,,,,,,,,
5-5 0:26,9828.93,,,,,,,,,,
5-5 0:26,9828.93,,,,,,,,,,
5-5 0:26,9828.93,,,,,,,,,,
5-5 0:26,9828.93,,,,,,,,,,
5-5 0:26,9828.93,,,,,,,,,,
5-5 0:26,9828.93,,,,,,,,,,
5-5 0:26,9828.93,,,,,,,,,,
5-5 0:26,9828.93,,,,,,,,,,
5-5 0:26,9828.93,,,,,,,,,,
5-5 0:26,9828.93,,,,,,,,,,
5-5 0:26,9828.93,,,,,,,,,,
5-5 0:26,9828.93,,,,,,,,,,
5-5 0:26,9828.93,,,,,,,,,,
5-5 0:26,9828.93,,,,,,,,,,
5-5 0:26,9828.93,,,,,,,,,,
5-5 0:26,9828.93,,,,,,,,,,
5-5 0:26,9828.93,,,,,,,,,,
5-5 0:26,9828.93,,,,,,,,,,
5-5 0:26,9828.93,,,,,,,,,,
5-5 0:26,9828.93,,,,,,,,,,
5-5 0:26,9828.93,,,,,,,,,,
5-5 0:26,9828.93,,,,,,,,,,
5-5 0:26,9828.93,,,,,,,,,,
5-5 0:26,9828.93,,,,,,,,,,
5-5 0:26,9828.93,,,,,,,,,,
5-5 0:26,9828.93,,,,,,,,,,
5-5 0:26,9828.93,,,,,,,,,,
5-5 0:26,9828.93,,,,,,,,,,
5-5 0:26,9828.93,,,,,,,,,,
5-5 0:26,9828.93,,,,,,,,,,
5-5 0:26,9828.93,,,,,,,,,,
5-5 0:26,9828.93,,,,,,,,,,
5-5 0:26,9828.93,,,,,,,,,,
5-5 0:26,9828.93,,,,,,,,,,
5-5 0:26,9828.93,,,,,,,,,,
5-5 0:26,9828.93,,,,,,,,,,
5-5 0:26,9828.93,,,,,,,,,,
5-5 0:26,9828.93,,,,,,,,,,
5-5 0:26,9828.93,,,,,,,,,,
5-5 0:26,9828.93,,,,,,,,,,
5-5 0:26,9828.93,,,,,,,,,,
5-5 0:26,9828.93,,,,,,,,,,
5-5 0:26,9828.93,,,,,,,,,,
5-5 0:26,9828.93,,,,,,,,,,
5-5 0:26,9828.93,,,,,,,,,,
5-5 0:26,9828.93,,,,,,,,,,
5-5 0:26,9828.93,,,,,,,,,,
5-5 0:26,9828.93,,,,,,,,,,
5-5 0:26,9828.93,,,,,,,,,,
5-5 0:26,9828.93,,,,,,,,,,
5-5 0:26,9828.93,,,,,,,,,,
5-5 0:26,9828.93,,,,,,,,,,
5-5 0:26,9828.93,,,,,,,,,,
5-5 0:26,9828.93,,,,,,,,,,
5-5 0:26,9828.93,,,,,,,,,,
5-5 0:26,9828.93,,,,,,,,,,
5-5 0:26,9828.93,,,,,,,,,,
5-5 0:26,9828.93,,,,,,,,,,
5-5 0:26,9828.93,,,,,,,,,,
5-5 0:26,9828.93,,,,,,,,,,
5-5 0:26,9828.93,,,,,,,,,,
5-5 0:26,9828.93,,,,,,,,,,
5-5 0:26,9828.93,,,,,,,,,,
5-5 0:26,9828.93,,,,,,,,,,
5-5 0:26,9828.93,,,,,,,,,,
5-5 0:26,9828.93,,,,,,,,,,
5-5 0:26,9828.93,,,,,,,,,,
5-5 0:26,9828.93,,,,,,,,,,
5-5 0:26,9828.93,,,,,,,,,,
5-5 0:26,9828.93,,,,,,,,,,
5-5 0:26,9828.93,,,,,,,,,,
5-5 0:26,9828.93,,,,,,,,,,
5-5 0:26,9828.93,,,,,,,,,,
5-5 0:26,9828.93,,,,,,,,,,
5-5 0:26,9828.93,,,,,,,,,,
5-5 0:26,9828.93,,,,,,,,,,
5-5 0:26,9828.93,,,,,,,,,,
5-5 0:26,9828.93,,,,,,,,,,
5-5 0:26,9828.93,,,,,,,,,,
5-5 0:26,9828.93,,,,,,,,,,
5-5 0:26,9828.93,,,,,,,,,,
5-5 0:26,9828.93,,,,,,,,,,
5-5 0:26,9828.93,,,,,,,,,,
,,period gain: ,0.0,it is recommended to: buy,1,rsi index is: 1,arima index is: 0.09751367023631174,,,,
5-5 0:26,9828.93,,,,,,,,,,
5-5 0:26,9828.93,,,,,,,,,,
5-5 0:26,9828.93,,,,,,,,,,
5-5 0:26,9828.93,,,,,,,,,,
5-5 0:26,9828.93,,,,,,,,,,
5-5 0:26,9828.93,,,,,,,,,,
5-5 0:26,9828.93,,,,,,,,,,
5-5 0:26,9828.93,,,,,,,,,,
5-5 0:26,9828.93,,,,,,,,,,
5-5 0:26,9828.93,,,,,,,,,,
5-5 0:26,9828.93,,,,,,,,,,
5-5 0:26,9828.93,,,,,,,,,,
5-5 0:26,9828.93,,,,,,,,,,
5-5 0:26,9828.93,,,,,,,,,,
5-5 0:26,9828.93,,,,,,,,,,
5-5 0:26,9828.93,,,,,,,,,,
5-5 0:26,9828.93,,,,,,,,,,
5-5 0:26,9828.93,,,,,,,,,,
5-5 0:26,9828.93,,,,,,,,,,
5-5 0:26,9828.93,,,,,,,,,,
5-5 0:26,9828.93,,,,,,,,,,
5-5 0:26,9828.93,,,,,,,,,,
5-5 0:26,9828.93,,,,,,,,,,
5-5 0:26,9828.93,,,,,,,,,,
5-5 0:26,9828.93,,,,,,,,,,
5-5 0:26,9828.93,,,,,,,,,,
5-5 0:26,9828.93,,,,,,,,,,
5-5 0:26,9828.93,,,,,,,,,,
5-5 0:26,9828.93,,,,,,,,,,
5-5 0:26,9828.93,,,,,,,,,,
5-5 0:26,9828.93,,,,,,,,,,
5-5 0:26,9828.93,,,,,,,,,,
5-5 0:26,9828.93,,,,,,,,,,
5-5 0:26,9828.93,,,,,,,,,,
5-5 0:26,9828.93,,,,,,,,,,
5-5 0:26,9828.93,,,,,,,,,,
5-5 0:26,9828.93,,,,,,,,,,
5-5 0:26,9828.93,,,,,,,,,,
5-5 0:26,9828.93,,,,,,,,,,
5-5 0:26,9828.93,,,,,,,,,,
5-5 0:26,9828.93,,,,,,,,,,
5-5 0:26,9828.93,,,,,,,,,,
5-5 0:26,9828.93,,,,,,,,,,
5-5 0:26,9828.93,,,,,,,,,,
5-5 0:26,9828.93,,,,,,,,,,
5-5 0:26,9828.93,,,,,,,,,,
5-5 0:26,9828.93,,,,,,,,,,
5-5 0:26,9828.93,,,,,,,,,,
5-5 0:26,9828.93,,,,,,,,,,
5-5 0:26,9828.93,,,,,,,,,,
5-5 0:26,9828.93,,,,,,,,,,
5-5 0:26,9828.93,,,,,,,,,,
5-5 0:26,9828.93,,,,,,,,,,
5-5 0:26,9828.93,,,,,,,,,,
5-5 0:26,9828.93,,,,,,,,,,
5-5 0:26,9828.93,,,,,,,,,,
5-5 0:26,9828.93,,,,,,,,,,
5-5 0:26,9828.93,,,,,,,,,,
5-5 0:26,9828.93,,,,,,,,,,
5-5 0:26,9828.93,,,,,,,,,,
5-5 0:26,9828.93,,,,,,,,,,
5-5 0:26,9828.93,,,,,,,,,,
5-5 0:26,9828.93,,,,,,,,,,
5-5 0:26,9828.93,,,,,,,,,,
5-5 0:26,9828.93,,,,,,,,,,
5-5 0:26,9828.93,,,,,,,,,,
5-5 0:26,9828.93,,,,,,,,,,
5-5 0:26,9828.93,,,,,,,,,,
5-5 0:26,9828.93,,,,,,,,,,
5-5 0:26,9828.93,,,,,,,,,,
5-5 0:26,9828.93,,,,,,,,,,
5-5 0:26,9828.93,,,,,,,,,,
5-5 0:26,9828.93,,,,,,,,,,
5-5 0:26,9828.93,,,,,,,,,,
5-5 0:26,9828.93,,,,,,,,,,
5-5 0:26,9828.93,,,,,,,,,,
5-5 0:26,9828.93,,,,,,,,,,
5-5 0:26,9828.93,,,,,,,,,,
5-5 0:26,9828.93,,,,,,,,,,
5-5 0:26,9828.93,,,,,,,,,,
5-5 0:26,9828.93,,,,,,,,,,
5-5 0:26,9828.93,,,,,,,,,,
5-5 0:26,9828.93,,,,,,,,,,
5-5 0:26,9828.93,,,,,,,,,,
5-5 0:26,9828.93,,,,,,,,,,
5-5 0:26,9828.93,,,,,,,,,,
5-5 0:26,9828.93,,,,,,,,,,
5-5 0:26,9828.93,,,,,,,,,,
5-5 0:26,9828.93,,,,,,,,,,
5-5 0:26,9828.93,,,,,,,,,,
5-5 0:26,9828.93,,,,,,,,,,
5-5 0:26,9828.93,,,,,,,,,,
5-5 0:26,9828.93,,,,,,,,,,
5-5 0:26,9828.93,,,,,,,,,,
5-5 0:26,9828.93,,,,,,,,,,
5-5 0:26,9828.93,,,,,,,,,,
5-5 0:26,9828.93,,,,,,,,,,
5-5 0:26,9828.93,,,,,,,,,,
5-5 0:26,9828.93,,,,,,,,,,
5-5 0:26,9828.93,,,,,,,,,,
5-4 22:57,9805.93,,,,,,,,,,
5-4 22:57,9805.93,,,,,,,,,,
5-4 22:57,9805.93,,,,,,,,,,
5-4 22:57,9805.93,,,,,,,,,,
5-4 22:57,9805.93,,,,,,,,,,
5-4 22:57,9805.93,,,,,,,,,,
5-4 22:57,9805.93,,,,,,,,,,
5-4 22:57,9805.93,,,,,,,,,,
5-4 22:57,9805.93,,,,,,,,,,
5-4 22:57,9805.93,,,,,,,,,,
5-4 22:57,9805.93,,,,,,,,,,
5-4 22:57,9805.93,,,,,,,,,,
5-4 22:57,9805.93,,,,,,,,,,
5-4 22:57,9805.93,,,,,,,,,,
5-4 22:57,9805.93,,,,,,,,,,
5-4 22:57,9805.93,,,,,,,,,,
5-4 22:57,9805.93,,,,,,,,,,
5-4 22:57,9805.93,,,,,,,,,,
5-4 22:57,9805.93,,,,,,,,,,
5-4 22:57,9805.93,,,,,,,,,,
5-4 22:57,9805.93,,,,,,,,,,
5-4 22:57,9805.93,,,,,,,,,,
5-4 22:57,9805.93,,,,,,,,,,
5-4 22:57,9805.93,,,,,,,,,,
5-4 22:57,9805.93,,,,,,,,,,
5-4 22:57,9805.93,,,,,,,,,,
5-4 22:57,9805.93,,,,,,,,,,
5-4 22:57,9805.93,,,,,,,,,,
5-4 22:57,9805.93,,,,,,,,,,
5-4 22:57,9805.93,,,,,,,,,,
5-4 22:57,9805.93,,,,,,,,,,
5-4 22:57,9805.93,,,,,,,,,,
5-4 22:57,9805.93,,,,,,,,,,
5-4 22:57,9805.93,,,,,,,,,,
5-4 22:57,9805.93,,,,,,,,,,
5-4 22:57,9805.93,,,,,,,,,,
5-4 22:57,9805.93,,,,,,,,,,
5-4 21:30,9735.69,,,,,,,,,,
5-4 22:57,9805.93,,,,,,,,,,
5-4 21:30,9735.69,,,,,,,,,,
5-4 22:57,9805.93,,,,,,,,,,
5-4 21:30,9735.69,,,,,,,,,,
5-4 22:57,9805.93,,,,,,,,,,
5-4 21:30,9735.69,,,,,,,,,,
5-4 22:57,9805.93,,,,,,,,,,
5-4 21:30,9735.69,,,,,,,,,,
5-4 22:57,9805.93,,,,,,,,,,
5-4 21:30,9735.69,,,,,,,,,,
5-4 22:57,9805.93,,,,,,,,,,
5-4 21:30,9735.69,,,,,,,,,,
5-4 22:57,9805.93,,,,,,,,,,
5-4 21:30,9735.69,,,,,,,,,,
5-4 22:57,9805.93,,,,,,,,,,
5-4 21:30,9735.69,,,,,,,,,,
5-4 22:57,9805.93,,,,,,,,,,
5-4 21:30,9735.69,,,,,,,,,,
5-4 22:57,9805.93,,,,,,,,,,
5-4 21:30,9735.69,,,,,,,,,,
5-4 22:57,9805.93,,,,,,,,,,
5-4 21:30,9735.69,,,,,,,,,,
5-4 22:57,9805.93,,,,,,,,,,
5-4 21:30,9735.69,,,,,,,,,,
5-4 22:57,9805.93,,,,,,,,,,
5-4 21:30,9735.69,,,,,,,,,,
5-4 22:57,9805.93,,,,,,,,,,
5-4 21:30,9735.69,,,,,,,,,,
5-4 22:57,9805.93,,,,,,,,,,
5-4 21:30,9735.69,,,,,,,,,,
5-4 22:57,9805.93,,,,,,,,,,
5-4 21:30,9735.69,,,,,,,,,,
5-4 22:57,9805.93,,,,,,,,,,
5-4 21:30,9735.69,,,,,,,,,,
5-4 22:57,9805.93,,,,,,,,,,
5-4 21:30,9735.69,,,,,,,,,,
5-4 22:57,9805.93,,,,,,,,,,
5-4 21:30,9735.69,,,,,,,,,,
5-4 22:57,9805.93,,,,,,,,,,
5-4 21:30,9735.69,,,,,,,,,,
5-4 22:57,9805.93,,,,,,,,,,
5-4 21:30,9735.69,,,,,,,,,,
5-4 22:57,9805.93,,,,,,,,,,
5-4 21:30,9735.69,,,,,,,,,,
5-4 22:57,9805.93,,,,,,,,,,
5-4 21:30,9735.69,,,,,,,,,,
5-4 22:57,9805.93,,,,,,,,,,
5-4 21:30,9735.69,,,,,,,,,,
5-4 22:57,9805.93,,,,,,,,,,
5-4 21:30,9735.69,,,,,,,,,,
5-4 22:57,9805.93,,,,,,,,,,
5-4 21:30,9735.69,,,,,,,,,,
5-4 22:57,9805.93,,,,,,,,,,
5-4 21:30,9735.69,,,,,,,,,,
5-4 22:57,9805.93,,,,,,,,,,
5-4 21:30,9735.69,,,,,,,,,,
5-4 22:57,9805.93,,,,,,,,,,
5-4 21:30,9735.69,,,,,,,,,,
5-4 22:57,9805.93,,,,,,,,,,
5-4 21:30,9735.69,,,,,,,,,,
5-4 22:57,9805.93,,,,,,,,,,
5-4 21:30,9735.69,,,,,,,,,,
5-4 22:57,9805.93,,,,,,,,,,
5-4 21:30,9735.69,,,,,,,,,,
5-4 22:57,9805.93,,,,,,,,,,
5-4 21:30,9735.69,,,,,,,,,,
5-4 22:57,9805.93,,,,,,,,,,
5-4 21:30,9735.69,,,,,,,,,,
5-4 22:57,9805.93,,,,,,,,,,
5-4 21:30,9735.69,,,,,,,,,,
5-4 22:57,9805.93,,,,,,,,,,
5-4 21:30,9735.69,,,,,,,,,,
5-4 22:57,9805.93,,,,,,,,,,
5-4 21:30,9735.69,,,,,,,,,,
5-4 22:57,9805.93,,,,,,,,,,
5-4 21:30,9735.69,,,,,,,,,,
5-4 22:57,9805.93,,,,,,,,,,
5-4 21:30,9735.69,,,,,,,,,,
5-4 22:57,9805.93,,,,,,,,,,
5-4 21:30,9735.69,,,,,,,,,,
5-4 22:57,9805.93,,,,,,,,,,
5-4 21:30,9735.69,,,,,,,,,,
5-4 22:57,9805.93,,,,,,,,,,
5-4 21:30,9735.69,,,,,,,,,,
5-4 22:57,9805.93,,,,,,,,,,
5-4 21:30,9735.69,,,,,,,,,,
5-4 22:57,9805.93,,,,,,,,,,
5-4 21:30,9735.69,,,,,,,,,,
5-4 22:57,9805.93,,,,,,,,,,
5-4 21:30,9735.69,,,,,,,,,,
5-4 22:57,9805.93,,,,,,,,,,
5-4 21:30,9735.69,,,,,,,,,,
5-4 22:57,9805.93,,,,,,,,,,
5-4 21:30,9735.69,,,,,,,,,,
5-4 22:57,9805.93,,,,,,,,,,
5-4 21:30,9735.69,,,,,,,,,,
5-4 22:57,9805.93,,,,,,,,,,
5-4 21:30,9735.69,,,,,,,,,,
5-4 22:57,9805.93,,,,,,,,,,
5-4 21:30,9735.69,,,,,,,,,,
5-4 22:57,9805.93,,,,,,,,,,
5-4 21:30,9735.69,,,,,,,,,,
5-4 22:57,9805.93,,,,,,,,,,
5-4 21:30,9735.69,,,,,,,,,,
5-4 22:57,9805.93,,,,,,,,,,
5-4 21:30,9735.69,,,,,,,,,,
5-4 22:57,9805.93,,,,,,,,,,
5-4 21:30,9735.69,,,,,,,,,,
5-4 22:57,9805.93,,,,,,,,,,
5-4 21:30,9735.69,,,,,,,,,,
5-4 22:57,9805.93,,,,,,,,,,
5-4 21:30,9735.69,,,,,,,,,,
5-4 22:57,9805.93,,,,,,,,,,
5-4 21:30,9735.69,,,,,,,,,,
5-4 22:57,9805.93,,,,,,,,,,
5-4 21:30,9735.69,,,,,,,,,,
5-4 22:57,9805.93,,,,,,,,,,
5-4 21:30,9735.69,,,,,,,,,,
5-4 22:57,9805.93,,,,,,,,,,
5-4 21:30,9735.69,,,,,,,,,,
5-4 22:57,9805.93,,,,,,,,,,
5-4 21:30,9735.69,,,,,,,,,,
5-4 22:57,9805.93,,,,,,,,,,
5-4 21:30,9735.69,,,,,,,,,,
5-4 22:57,9805.93,,,,,,,,,,
5-4 21:30,9735.69,,,,,,,,,,
5-4 21:30,9735.69,,,,,,,,,,
5-4 21:30,9735.69,,,,,,,,,,
5-4 21:30,9735.69,,,,,,,,,,
5-4 21:30,9735.69,,,,,,,,,,
5-4 21:30,9735.69,,,,,,,,,,
5-4 21:30,9735.69,,,,,,,,,,
5-4 21:30,9735.69,,,,,,,,,,
5-4 21:30,9735.69,,,,,,,,,,
5-4 21:30,9735.69,,,,,,,,,,
5-4 21:30,9735.69,,,,,,,,,,
5-4 21:30,9735.69,,,,,,,,,,
5-4 21:30,9735.69,,,,,,,,,,
5-4 21:30,9735.69,,,,,,,,,,
5-4 21:30,9735.69,,,,,,,,,,
5-4 21:30,9735.69,,,,,,,,,,
5-4 21:30,9735.69,,,,,,,,,,
5-4 21:30,9735.69,,,,,,,,,,
5-4 21:30,9735.69,,,,,,,,,,
5-4 21:30,9735.69,,,,,,,,,,
5-4 21:30,9735.69,,,,,,,,,,
5-4 21:30,9735.69,,,,,,,,,,
5-4 21:30,9735.69,,,,,,,,,,
5-4 21:30,9735.69,,,,,,,,,,
5-4 21:30,9735.69,,,,,,,,,,
5-4 21:30,9735.69,,,,,,,,,,
5-4 21:30,9735.69,,,,,,,,,,
5-4 21:30,9735.69,,,,,,,,,,
5-4 21:36,9736.28,,,,,,,,,,
5-4 21:30,9735.69,,,,,,,,,,
5-4 21:36,9736.28,,,,,,,,,,
5-4 21:30,9735.69,,,,,,,,,,
5-4 21:36,9736.28,,,,,,,,,,
5-4 21:30,9735.69,,,,,,,,,,
5-4 21:36,9736.28,,,,,,,,,,
5-4 21:30,9735.69,,,,,,,,,,
5-4 21:36,9736.28,,,,,,,,,,
5-4 21:30,9735.69,,,,,,,,,,
5-4 21:36,9736.28,,,,,,,,,,
5-4 21:30,9735.69,,,,,,,,,,
5-4 21:36,9736.28,,,,,,,,,,
5-4 21:30,9735.69,,,,,,,,,,
5-4 21:36,9736.28,,,,,,,,,,
5-4 21:30,9735.69,,,,,,,,,,
5-4 21:36,9736.28,,,,,,,,,,
5-4 21:30,9735.69,,,,,,,,,,
,,period gain: ,-0.5900000000001455,it is recommended to: buy,1,rsi index is: 1,arima index is: 0.058131362094041496,,,,
5-4 21:36,9736.28,,,,,,,,,,
5-4 21:30,9735.69,,,,,,,,,,
5-4 21:36,9736.28,,,,,,,,,,
5-4 21:30,9735.69,,,,,,,,,,
5-4 21:36,9736.28,,,,,,,,,,
5-4 21:30,9735.69,,,,,,,,,,
5-4 21:36,9736.28,,,,,,,,,,
5-4 21:30,9735.69,,,,,,,,,,
5-4 21:36,9736.28,,,,,,,,,,
5-4 21:30,9735.69,,,,,,,,,,
5-4 21:36,9736.28,,,,,,,,,,
5-4 21:30,9735.69,,,,,,,,,,
5-4 21:36,9736.28,,,,,,,,,,
5-4 21:30,9735.69,,,,,,,,,,
5-4 21:36,9736.28,,,,,,,,,,
5-4 21:30,9735.69,,,,,,,,,,
5-4 21:36,9736.28,,,,,,,,,,
5-4 21:30,9735.69,,,,,,,,,,
5-4 21:36,9736.28,,,,,,,,,,
5-4 21:30,9735.69,,,,,,,,,,
5-4 21:36,9736.28,,,,,,,,,,
5-4 21:30,9735.69,,,,,,,,,,
5-4 21:36,9736.28,,,,,,,,,,
5-4 21:30,9735.69,,,,,,,,,,
5-4 21:36,9736.28,,,,,,,,,,
5-4 21:30,9735.69,,,,,,,,,,
5-4 21:36,9736.28,,,,,,,,,,
5-4 21:30,9735.69,,,,,,,,,,
5-4 21:36,9736.28,,,,,,,,,,
5-4 21:30,9735.69,,,,,,,,,,
5-4 21:36,9736.28,,,,,,,,,,
5-4 21:30,9735.69,,,,,,,,,,
5-4 21:36,9736.28,,,,,,,,,,
5-4 21:30,9735.69,,,,,,,,,,
5-4 21:36,9736.28,,,,,,,,,,
5-4 21:30,9735.69,,,,,,,,,,
5-4 21:36,9736.28,,,,,,,,,,
5-4 21:30,9735.69,,,,,,,,,,
5-4 21:36,9736.28,,,,,,,,,,
5-4 21:30,9735.69,,,,,,,,,,
5-4 21:36,9736.28,,,,,,,,,,
5-4 21:30,9735.69,,,,,,,,,,
5-4 21:36,9736.28,,,,,,,,,,
5-4 21:30,9735.69,,,,,,,,,,
5-4 21:36,9736.28,,,,,,,,,,
5-4 21:30,9735.69,,,,,,,,,,
5-4 21:36,9736.28,,,,,,,,,,
5-4 21:30,9735.69,,,,,,,,,,
5-4 21:36,9736.28,,,,,,,,,,
5-4 21:30,9735.69,,,,,,,,,,
5-4 21:36,9736.28,,,,,,,,,,
5-4 21:30,9735.69,,,,,,,,,,
5-4 21:36,9736.28,,,,,,,,,,
5-4 21:30,9735.69,,,,,,,,,,
5-4 21:36,9736.28,,,,,,,,,,
5-4 21:30,9735.69,,,,,,,,,,
5-4 21:36,9736.28,,,,,,,,,,
5-4 21:30,9735.69,,,,,,,,,,
5-4 21:36,9736.28,,,,,,,,,,
5-4 21:30,9735.69,,,,,,,,,,
5-4 21:36,9736.28,,,,,,,,,,
5-4 21:30,9735.69,,,,,,,,,,
5-4 21:36,9736.28,,,,,,,,,,
5-4 21:30,9735.69,,,,,,,,,,
5-4 21:36,9736.28,,,,,,,,,,
5-4 21:30,9735.69,,,,,,,,,,
5-4 21:36,9736.28,,,,,,,,,,
5-4 21:30,9735.69,,,,,,,,,,
5-4 21:36,9736.28,,,,,,,,,,
5-4 21:30,9735.69,,,,,,,,,,
5-4 21:36,9736.28,,,,,,,,,,
5-4 21:30,9735.69,,,,,,,,,,
5-4 21:36,9736.28,,,,,,,,,,
5-4 21:30,9735.69,,,,,,,,,,
5-4 21:36,9736.28,,,,,,,,,,
5-4 21:30,9735.69,,,,,,,,,,
5-4 21:36,9736.28,,,,,,,,,,
5-4 21:30,9735.69,,,,,,,,,,
5-4 21:36,9736.28,,,,,,,,,,
5-4 21:30,9735.69,,,,,,,,,,
5-4 21:36,9736.28,,,,,,,,,,
5-4 21:30,9735.69,,,,,,,,,,
5-4 21:36,9736.28,,,,,,,,,,
5-4 21:30,9735.69,,,,,,,,,,
5-4 21:36,9736.28,,,,,,,,,,
5-4 21:30,9735.69,,,,,,,,,,
5-4 21:36,9736.28,,,,,,,,,,
5-4 21:30,9735.69,,,,,,,,,,
5-4 21:36,9736.28,,,,,,,,,,
5-4 21:30,9735.69,,,,,,,,,,
5-4 21:36,9736.28,,,,,,,,,,
5-4 21:30,9735.69,,,,,,,,,,
5-4 21:36,9736.28,,,,,,,,,,
5-4 21:30,9735.69,,,,,,,,,,
5-4 21:36,9736.28,,,,,,,,,,
5-4 21:30,9735.69,,,,,,,,,,
5-4 21:36,9736.28,,,,,,,,,,
5-4 21:30,9735.69,,,,,,,,,,
5-4 21:36,9736.28,,,,,,,,,,
5-4 21:30,9735.69,,,,,,,,,,
5-4 21:36,9736.28,,,,,,,,,,
5-4 21:30,9735.69,,,,,,,,,,
5-4 21:36,9736.28,,,,,,,,,,
5-4 21:30,9735.69,,,,,,,,,,
5-4 21:36,9736.28,,,,,,,,,,
5-4 21:30,9735.69,,,,,,,,,,
5-4 21:36,9736.28,,,,,,,,,,
5-4 21:30,9735.69,,,,,,,,,,
5-4 21:36,9736.28,,,,,,,,,,
5-4 21:30,9735.69,,,,,,,,,,
5-4 21:36,9736.28,,,,,,,,,,
5-4 21:30,9735.69,,,,,,,,,,
5-4 21:36,9736.28,,,,,,,,,,
5-4 21:30,9735.69,,,,,,,,,,
5-4 21:36,9736.28,,,,,,,,,,
5-4 21:30,9735.69,,,,,,,,,,
5-4 21:36,9736.28,,,,,,,,,,
5-4 21:30,9735.69,,,,,,,,,,
5-4 21:36,9736.28,,,,,,,,,,
5-4 21:30,9735.69,,,,,,,,,,
5-4 21:36,9736.28,,,,,,,,,,
5-4 21:30,9735.69,,,,,,,,,,
5-4 21:36,9736.28,,,,,,,,,,
5-4 21:30,9735.69,,,,,,,,,,
5-4 21:36,9736.28,,,,,,,,,,
5-4 21:30,9735.69,,,,,,,,,,
5-4 21:36,9736.28,,,,,,,,,,
5-4 21:30,9735.69,,,,,,,,,,
5-4 21:36,9736.28,,,,,,,,,,
5-4 21:30,9735.69,,,,,,,,,,
5-4 21:36,9736.28,,,,,,,,,,
5-4 21:30,9735.69,,,,,,,,,,
5-4 21:36,9736.28,,,,,,,,,,
5-4 21:30,9735.69,,,,,,,,,,
5-4 21:36,9736.28,,,,,,,,,,
5-4 21:30,9735.69,,,,,,,,,,
5-4 21:36,9736.28,,,,,,,,,,
5-4 21:30,9735.69,,,,,,,,,,
5-4 21:36,9736.28,,,,,,,,,,
5-4 21:30,9735.69,,,,,,,,,,
5-4 21:36,9736.28,,,,,,,,,,
5-4 21:30,9735.69,,,,,,,,,,
5-4 21:36,9736.28,,,,,,,,,,
5-4 21:30,9735.69,,,,,,,,,,
5-4 21:36,9736.28,,,,,,,,,,
5-4 21:30,9735.69,,,,,,,,,,
5-4 21:36,9736.28,,,,,,,,,,
5-4 21:30,9735.69,,,,,,,,,,
5-4 21:36,9736.28,,,,,,,,,,
5-4 21:30,9735.69,,,,,,,,,,
5-4 21:36,9736.28,,,,,,,,,,
5-4 21:30,9735.69,,,,,,,,,,
5-4 21:36,9736.28,,,,,,,,,,
5-4 21:30,9735.69,,,,,,,,,,
5-4 21:36,9736.28,,,,,,,,,,
5-4 21:30,9735.69,,,,,,,,,,
5-4 21:36,9736.28,,,,,,,,,,
5-4 21:30,9735.69,,,,,,,,,,
5-4 21:36,9736.28,,,,,,,,,,
5-4 21:30,9735.69,,,,,,,,,,
5-4 21:36,9736.28,,,,,,,,,,
5-4 21:30,9735.69,,,,,,,,,,
5-4 21:36,9736.28,,,,,,,,,,
5-4 21:30,9735.69,,,,,,,,,,
5-4 21:36,9736.28,,,,,,,,,,
5-4 21:30,9735.69,,,,,,,,,,
5-4 21:36,9736.28,,,,,,,,,,
5-4 21:30,9735.69,,,,,,,,,,
5-4 21:36,9736.28,,,,,,,,,,
5-4 21:30,9735.69,,,,,,,,,,
5-4 21:36,9736.28,,,,,,,,,,
5-4 21:30,9735.69,,,,,,,,,,
5-4 21:36,9736.28,,,,,,,,,,
5-4 21:30,9735.69,,,,,,,,,,
5-4 21:36,9736.28,,,,,,,,,,
5-4 21:30,9735.69,,,,,,,,,,
5-4 21:36,9736.28,,,,,,,,,,
5-4 21:30,9735.69,,,,,,,,,,
5-4 21:36,9736.28,,,,,,,,,,
5-4 21:30,9735.69,,,,,,,,,,
5-4 21:36,9736.28,,,,,,,,,,
5-4 21:30,9735.69,,,,,,,,,,
5-4 21:30,9735.69,,,,,,,,,,
5-4 21:30,9735.69,,,,,,,,,,
5-4 21:30,9735.69,,,,,,,,,,
5-4 21:30,9735.69,,,,,,,,,,
5-4 21:30,9735.69,,,,,,,,,,
5-4 21:30,9735.69,,,,,,,,,,
5-4 21:30,9735.69,,,,,,,,,,
5-4 21:30,9735.69,,,,,,,,,,
5-4 21:30,9735.69,,,,,,,,,,
5-4 19:23,9722.38,,,,,,,,,,
5-4 19:23,9722.38,,,,,,,,,,
5-4 19:23,9722.38,,,,,,,,,,
5-4 19:23,9722.38,,,,,,,,,,
5-4 19:23,9722.38,,,,,,,,,,
5-4 19:23,9722.38,,,,,,,,,,
5-4 19:23,9722.38,,,,,,,,,,
5-4 19:23,9722.38,,,,,,,,,,
5-4 19:23,9722.38,,,,,,,,,,
5-4 19:23,9722.38,,,,,,,,,,
5-4 19:23,9722.38,,,,,,,,,,
5-4 19:23,9722.38,,,,,,,,,,
5-4 19:23,9722.38,,,,,,,,,,
5-4 19:23,9722.38,,,,,,,,,,
5-4 19:23,9722.38,,,,,,,,,,
5-4 19:23,9722.38,,,,,,,,,,
5-4 19:23,9722.38,,,,,,,,,,
5-4 19:23,9722.38,,,,,,,,,,
5-4 19:23,9722.38,,,,,,,,,,
5-4 19:23,9722.38,,,,,,,,,,
5-4 19:23,9722.38,,,,,,,,,,
5-4 19:23,9722.38,,,,,,,,,,
5-4 19:23,9722.38,,,,,,,,,,
5-4 19:23,9722.38,,,,,,,,,,
5-4 19:23,9722.38,,,,,,,,,,
5-4 19:23,9722.38,,,,,,,,,,
5-4 19:23,9722.38,,,,,,,,,,
5-4 19:23,9722.38,,,,,,,,,,
5-4 19:23,9722.38,,,,,,,,,,
5-4 19:23,9722.38,,,,,,,,,,
5-4 19:23,9722.38,,,,,,,,,,
5-4 19:23,9722.38,,,,,,,,,,
5-4 19:23,9722.38,,,,,,,,,,
5-4 19:23,9722.38,,,,,,,,,,
5-4 19:23,9722.38,,,,,,,,,,
5-4 19:23,9722.38,,,,,,,,,,
5-4 19:23,9722.38,,,,,,,,,,
5-4 19:23,9722.38,,,,,,,,,,
5-4 19:23,9722.38,,,,,,,,,,
5-4 19:23,9722.38,,,,,,,,,,
5-4 19:23,9722.38,,,,,,,,,,
5-4 19:23,9722.38,,,,,,,,,,
5-4 19:23,9722.38,,,,,,,,,,
5-4 19:23,9722.38,,,,,,,,,,
5-4 19:23,9722.38,,,,,,,,,,
5-4 19:23,9722.38,,,,,,,,,,
5-4 19:23,9722.38,,,,,,,,,,
5-4 19:23,9722.38,,,,,,,,,,
5-4 19:23,9722.38,,,,,,,,,,
5-4 19:23,9722.38,,,,,,,,,,
5-4 19:23,9722.38,,,,,,,,,,
5-4 19:23,9722.38,,,,,,,,,,
5-4 19:23,9722.38,,,,,,,,,,
5-4 19:23,9722.38,,,,,,,,,,
5-4 19:23,9722.38,,,,,,,,,,
5-4 19:23,9722.38,,,,,,,,,,
5-4 19:23,9722.38,,,,,,,,,,
5-4 19:23,9722.38,,,,,,,,,,
5-4 19:23,9722.38,,,,,,,,,,
5-4 19:23,9722.38,,,,,,,,,,
5-4 19:23,9722.38,,,,,,,,,,
5-4 19:23,9722.38,,,,,,,,,,
5-4 19:23,9722.38,,,,,,,,,,
5-4 19:23,9722.38,,,,,,,,,,
5-4 19:23,9722.38,,,,,,,,,,
5-4 19:23,9722.38,,,,,,,,,,
5-4 19:23,9722.38,,,,,,,,,,
5-4 19:23,9722.38,,,,,,,,,,
5-4 19:23,9722.38,,,,,,,,,,
5-4 19:23,9722.38,,,,,,,,,,
5-4 19:23,9722.38,,,,,,,,,,
5-4 19:23,9722.38,,,,,,,,,,
5-4 19:23,9722.38,,,,,,,,,,
5-4 19:23,9722.38,,,,,,,,,,
5-4 19:23,9722.38,,,,,,,,,,
5-4 19:23,9722.38,,,,,,,,,,
5-4 19:23,9722.38,,,,,,,,,,
5-4 19:23,9722.38,,,,,,,,,,
5-4 19:23,9722.38,,,,,,,,,,
5-4 19:23,9722.38,,,,,,,,,,
5-4 19:23,9722.38,,,,,,,,,,
5-4 19:23,9722.38,,,,,,,,,,
5-4 19:23,9722.38,,,,,,,,,,
5-4 19:23,9722.38,,,,,,,,,,
5-4 19:23,9722.38,,,,,,,,,,
5-4 19:23,9722.38,,,,,,,,,,
5-4 19:23,9722.38,,,,,,,,,,
5-4 19:23,9722.38,,,,,,,,,,
5-4 19:23,9722.38,,,,,,,,,,
5-4 19:23,9722.38,,,,,,,,,,
5-4 19:23,9722.38,,,,,,,,,,
5-4 19:23,9722.38,,,,,,,,,,
5-4 19:23,9722.38,,,,,,,,,,
5-4 19:23,9722.38,,,,,,,,,,
5-4 19:23,9722.38,,,,,,,,,,
5-4 19:23,9722.38,,,,,,,,,,
5-4 19:23,9722.38,,,,,,,,,,
5-4 19:23,9722.38,,,,,,,,,,
5-4 19:23,9722.38,,,,,,,,,,
5-4 17:58,9718.02,,,,,,,,,,
5-4 17:58,9718.02,,,,,,,,,,
5-4 17:58,9718.02,,,,,,,,,,
5-4 17:58,9718.02,,,,,,,,,,
5-4 17:58,9718.02,,,,,,,,,,
5-4 17:58,9718.02,,,,,,,,,,
5-4 17:58,9718.02,,,,,,,,,,
5-4 17:58,9718.02,,,,,,,,,,
5-4 17:58,9718.02,,,,,,,,,,
5-4 17:58,9718.02,,,,,,,,,,
5-4 17:58,9718.02,,,,,,,,,,
5-4 17:58,9718.02,,,,,,,,,,
5-4 17:58,9718.02,,,,,,,,,,
5-4 17:58,9718.02,,,,,,,,,,
5-4 17:58,9718.02,,,,,,,,,,
5-4 17:58,9718.02,,,,,,,,,,
5-4 17:58,9718.02,,,,,,,,,,
5-4 17:58,9718.02,,,,,,,,,,
5-4 17:58,9718.02,,,,,,,,,,
5-4 17:58,9718.02,,,,,,,,,,
5-4 17:58,9718.02,,,,,,,,,,
5-4 17:58,9718.02,,,,,,,,,,
5-4 17:58,9718.02,,,,,,,,,,
5-4 17:58,9718.02,,,,,,,,,,
5-4 17:58,9718.02,,,,,,,,,,
5-4 17:58,9718.02,,,,,,,,,,
5-4 17:58,9718.02,,,,,,,,,,
5-4 17:58,9718.02,,,,,,,,,,
5-4 17:58,9718.02,,,,,,,,,,
5-4 17:58,9718.02,,,,,,,,,,
5-4 17:58,9718.02,,,,,,,,,,
5-4 17:58,9718.02,,,,,,,,,,
5-4 17:58,9718.02,,,,,,,,,,
5-4 17:58,9718.02,,,,,,,,,,
5-4 17:58,9718.02,,,,,,,,,,
5-4 17:58,9718.02,,,,,,,,,,
5-4 17:58,9718.02,,,,,,,,,,
5-4 17:58,9718.02,,,,,,,,,,
5-4 17:58,9718.02,,,,,,,,,,
5-4 17:58,9718.02,,,,,,,,,,
5-4 17:58,9718.02,,,,,,,,,,
5-4 17:58,9718.02,,,,,,,,,,
5-4 17:58,9718.02,,,,,,,,,,
5-4 17:58,9718.02,,,,,,,,,,
5-4 17:58,9718.02,,,,,,,,,,
5-4 17:58,9718.02,,,,,,,,,,
5-4 17:58,9718.02,,,,,,,,,,
5-4 17:58,9718.02,,,,,,,,,,
5-4 17:58,9718.02,,,,,,,,,,
5-4 17:58,9718.02,,,,,,,,,,
5-4 17:58,9718.02,,,,,,,,,,
5-4 17:58,9718.02,,,,,,,,,,
5-4 17:58,9718.02,,,,,,,,,,
5-4 17:58,9718.02,,,,,,,,,,
5-4 17:58,9718.02,,,,,,,,,,
5-4 17:58,9718.02,,,,,,,,,,
5-4 17:58,9718.02,,,,,,,,,,
5-4 16:37,9675.04,,,,,,,,,,
5-4 16:37,9675.04,,,,,,,,,,
5-4 16:37,9675.04,,,,,,,,,,
5-4 16:37,9675.04,,,,,,,,,,
5-4 16:37,9675.04,,,,,,,,,,
5-4 16:37,9675.04,,,,,,,,,,
5-4 16:37,9675.04,,,,,,,,,,
5-4 16:37,9675.04,,,,,,,,,,
5-4 16:37,9675.04,,,,,,,,,,
5-4 16:37,9675.04,,,,,,,,,,
5-4 16:37,9675.04,,,,,,,,,,
5-4 16:37,9675.04,,,,,,,,,,
5-4 16:37,9675.04,,,,,,,,,,
5-4 16:37,9675.04,,,,,,,,,,
5-4 16:37,9675.04,,,,,,,,,,
5-4 16:37,9675.04,,,,,,,,,,
5-4 16:37,9675.04,,,,,,,,,,
5-4 16:37,9675.04,,,,,,,,,,
5-4 16:37,9675.04,,,,,,,,,,
5-4 16:37,9675.04,,,,,,,,,,
5-4 16:37,9675.04,,,,,,,,,,
5-4 16:37,9675.04,,,,,,,,,,
5-4 16:37,9675.04,,,,,,,,,,
5-4 16:37,9675.04,,,,,,,,,,
5-4 16:37,9675.04,,,,,,,,,,
5-4 16:37,9675.04,,,,,,,,,,
5-4 16:37,9675.04,,,,,,,,,,
5-4 16:37,9675.04,,,,,,,,,,
5-4 16:37,9675.04,,,,,,,,,,
5-4 16:37,9675.04,,,,,,,,,,
5-4 16:37,9675.04,,,,,,,,,,
5-4 16:37,9675.04,,,,,,,,,,
5-4 16:37,9675.04,,,,,,,,,,
5-4 16:37,9675.04,,,,,,,,,,
5-4 16:37,9675.04,,,,,,,,,,
5-4 16:37,9675.04,,,,,,,,,,
5-4 16:37,9675.04,,,,,,,,,,
5-4 16:37,9675.04,,,,,,,,,,
5-4 16:37,9675.04,,,,,,,,,,
5-4 16:37,9675.04,,,,,,,,,,
5-4 16:37,9675.04,,,,,,,,,,
5-4 16:37,9675.04,,,,,,,,,,
5-4 16:37,9675.04,,,,,,,,,,
5-4 16:37,9675.04,,,,,,,,,,
5-4 16:37,9675.04,,,,,,,,,,
5-4 16:37,9675.04,,,,,,,,,,
5-4 16:37,9675.04,,,,,,,,,,
5-4 16:37,9675.04,,,,,,,,,,
5-4 16:37,9675.04,,,,,,,,,,
5-4 16:37,9675.04,,,,,,,,,,
5-4 16:37,9675.04,,,,,,,,,,
5-4 16:37,9675.04,,,,,,,,,,
5-4 16:37,9675.04,,,,,,,,,,
5-4 16:37,9675.04,,,,,,,,,,
5-4 16:37,9675.04,,,,,,,,,,
5-4 16:37,9675.04,,,,,,,,,,
5-4 16:37,9675.04,,,,,,,,,,
5-4 16:37,9675.04,,,,,,,,,,
5-4 16:37,9675.04,,,,,,,,,,
5-4 16:37,9675.04,,,,,,,,,,
5-4 16:37,9675.04,,,,,,,,,,
5-4 16:37,9675.04,,,,,,,,,,
5-4 16:37,9675.04,,,,,,,,,,
5-4 16:37,9675.04,,,,,,,,,,
5-4 16:37,9675.04,,,,,,,,,,
5-4 16:37,9675.04,,,,,,,,,,
5-4 16:37,9675.04,,,,,,,,,,
5-4 16:37,9675.04,,,,,,,,,,
5-4 16:37,9675.04,,,,,,,,,,
5-4 16:37,9675.04,,,,,,,,,,
5-4 16:37,9675.04,,,,,,,,,,
5-4 16:37,9675.04,,,,,,,,,,
5-4 16:37,9675.04,,,,,,,,,,
5-4 16:37,9675.04,,,,,,,,,,
5-4 16:37,9675.04,,,,,,,,,,
5-4 16:37,9675.04,,,,,,,,,,
5-4 16:37,9675.04,,,,,,,,,,
5-4 16:37,9675.04,,,,,,,,,,
5-4 16:37,9675.04,,,,,,,,,,
5-4 16:37,9675.04,,,,,,,,,,
5-4 16:37,9675.04,,,,,,,,,,
5-4 16:37,9675.04,,,,,,,,,,
5-4 16:37,9675.04,,,,,,,,,,
5-4 16:37,9675.04,,,,,,,,,,
5-4 16:37,9675.04,,,,,,,,,,
5-4 16:37,9675.04,,,,,,,,,,
5-4 15:29,9652.91,,,,,,,,,,
5-4 15:29,9652.91,,,,,,,,,,
5-4 15:29,9652.91,,,,,,,,,,
5-4 15:29,9652.91,,,,,,,,,,
5-4 15:29,9652.91,,,,,,,,,,
5-4 15:29,9652.91,,,,,,,,,,
5-4 15:29,9652.91,,,,,,,,,,
5-4 15:29,9652.91,,,,,,,,,,
5-4 15:29,9652.91,,,,,,,,,,
5-4 15:29,9652.91,,,,,,,,,,
5-4 15:29,9652.91,,,,,,,,,,
5-4 15:29,9652.91,,,,,,,,,,
5-4 15:29,9652.91,,,,,,,,,,
5-4 15:29,9652.91,,,,,,,,,,
5-4 15:29,9652.91,,,,,,,,,,
5-4 15:29,9652.91,,,,,,,,,,
5-4 15:29,9652.91,,,,,,,,,,
5-4 15:29,9652.91,,,,,,,,,,
5-4 15:29,9652.91,,,,,,,,,,
5-4 15:29,9652.91,,,,,,,,,,
5-4 15:29,9652.91,,,,,,,,,,
5-4 15:29,9652.91,,,,,,,,,,
5-4 15:29,9652.91,,,,,,,,,,
5-4 15:29,9652.91,,,,,,,,,,
5-4 15:29,9652.91,,,,,,,,,,
5-4 15:29,9652.91,,,,,,,,,,
5-4 15:29,9652.91,,,,,,,,,,
5-4 15:29,9652.91,,,,,,,,,,
5-4 15:29,9652.91,,,,,,,,,,
5-4 15:29,9652.91,,,,,,,,,,
5-4 15:29,9652.91,,,,,,,,,,
5-4 15:29,9652.91,,,,,,,,,,
5-4 15:29,9652.91,,,,,,,,,,
5-4 15:29,9652.91,,,,,,,,,,
5-4 15:29,9652.91,,,,,,,,,,
5-4 15:29,9652.91,,,,,,,,,,
5-4 15:29,9652.91,,,,,,,,,,
5-4 15:29,9652.91,,,,,,,,,,
5-4 15:29,9652.91,,,,,,,,,,
5-4 15:29,9652.91,,,,,,,,,,
5-4 15:29,9652.91,,,,,,,,,,
5-4 15:29,9652.91,,,,,,,,,,
5-4 15:29,9652.91,,,,,,,,,,
5-4 15:29,9652.91,,,,,,,,,,
5-4 15:29,9652.91,,,,,,,,,,
5-4 15:29,9652.91,,,,,,,,,,
5-4 15:29,9652.91,,,,,,,,,,
5-4 15:29,9652.91,,,,,,,,,,
5-4 15:29,9652.91,,,,,,,,,,
5-4 15:29,9652.91,,,,,,,,,,
5-4 15:29,9652.91,,,,,,,,,,
5-4 15:29,9652.91,,,,,,,,,,
5-4 15:29,9652.91,,,,,,,,,,
5-4 15:29,9652.91,,,,,,,,,,
5-4 15:29,9652.91,,,,,,,,,,
5-4 15:29,9652.91,,,,,,,,,,
5-4 15:29,9652.91,,,,,,,,,,
5-4 15:29,9652.91,,,,,,,,,,
5-4 15:29,9652.91,,,,,,,,,,
5-4 15:29,9652.91,,,,,,,,,,
5-4 15:29,9652.91,,,,,,,,,,
5-4 15:29,9652.91,,,,,,,,,,
5-4 15:29,9652.91,,,,,,,,,,
5-4 15:29,9652.91,,,,,,,,,,
5-4 15:29,9652.91,,,,,,,,,,
5-4 15:29,9652.91,,,,,,,,,,
5-4 15:29,9652.91,,,,,,,,,,
5-4 15:29,9652.91,,,,,,,,,,
5-4 15:29,9652.91,,,,,,,,,,
5-4 15:29,9652.91,,,,,,,,,,
5-4 15:29,9652.91,,,,,,,,,,
5-4 15:29,9652.91,,,,,,,,,,
5-4 15:29,9652.91,,,,,,,,,,
5-4 15:29,9652.91,,,,,,,,,,
5-4 15:29,9652.91,,,,,,,,,,
5-4 15:29,9652.91,,,,,,,,,,
5-4 15:29,9652.91,,,,,,,,,,
5-4 15:29,9652.91,,,,,,,,,,
5-4 15:29,9652.91,,,,,,,,,,
5-4 15:29,9652.91,,,,,,,,,,
5-4 15:29,9652.91,,,,,,,,,,
5-4 15:29,9652.91,,,,,,,,,,
5-4 15:29,9652.91,,,,,,,,,,
5-4 15:29,9652.91,,,,,,,,,,
5-4 15:29,9652.91,,,,,,,,,,
5-4 15:29,9652.91,,,,,,,,,,
5-4 15:29,9652.91,,,,,,,,,,
5-4 15:29,9652.91,,,,,,,,,,
5-4 15:29,9652.91,,,,,,,,,,
5-4 15:29,9652.91,,,,,,,,,,
5-4 15:29,9652.91,,,,,,,,,,
5-4 15:29,9652.91,,,,,,,,,,
5-4 14:3,9649.5,,,,,,,,,,
5-4 14:3,9649.5,,,,,,,,,,
5-4 14:3,9649.5,,,,,,,,,,
5-4 14:3,9649.5,,,,,,,,,,
5-4 14:3,9649.5,,,,,,,,,,
5-4 14:3,9649.5,,,,,,,,,,
5-4 14:3,9649.5,,,,,,,,,,
5-4 14:3,9649.5,,,,,,,,,,
5-4 14:3,9649.5,,,,,,,,,,
5-4 14:3,9649.5,,,,,,,,,,
5-4 14:3,9649.5,,,,,,,,,,
5-4 14:3,9649.5,,,,,,,,,,
5-4 14:3,9649.5,,,,,,,,,,
5-4 14:3,9649.5,,,,,,,,,,
5-4 14:3,9649.5,,,,,,,,,,
5-4 14:3,9649.5,,,,,,,,,,
5-4 14:3,9649.5,,,,,,,,,,
5-4 14:3,9649.5,,,,,,,,,,
5-4 14:3,9649.5,,,,,,,,,,
5-4 14:3,9649.5,,,,,,,,,,
5-4 14:3,9649.5,,,,,,,,,,
5-4 14:3,9649.5,,,,,,,,,,
5-4 14:3,9649.5,,,,,,,,,,
5-4 14:3,9649.5,,,,,,,,,,
5-4 14:3,9649.5,,,,,,,,,,
5-4 14:3,9649.5,,,,,,,,,,
5-4 14:3,9649.5,,,,,,,,,,
5-4 14:3,9649.5,,,,,,,,,,
5-4 14:3,9649.5,,,,,,,,,,
5-4 14:3,9649.5,,,,,,,,,,
5-4 14:3,9649.5,,,,,,,,,,
5-4 14:3,9649.5,,,,,,,,,,
5-4 14:3,9649.5,,,,,,,,,,
5-4 14:3,9649.5,,,,,,,,,,
5-4 14:3,9649.5,,,,,,,,,,
5-4 14:3,9649.5,,,,,,,,,,
5-4 14:3,9649.5,,,,,,,,,,
5-4 14:3,9649.5,,,,,,,,,,
5-4 14:3,9649.5,,,,,,,,,,
5-4 14:3,9649.5,,,,,,,,,,
5-4 14:3,9649.5,,,,,,,,,,
5-4 14:3,9649.5,,,,,,,,,,
5-4 14:3,9649.5,,,,,,,,,,
5-4 14:3,9649.5,,,,,,,,,,
5-4 14:3,9649.5,,,,,,,,,,
5-4 14:3,9649.5,,,,,,,,,,
5-4 14:3,9649.5,,,,,,,,,,
5-4 14:3,9649.5,,,,,,,,,,
5-4 14:3,9649.5,,,,,,,,,,
5-4 14:3,9649.5,,,,,,,,,,
5-4 14:3,9649.5,,,,,,,,,,
5-4 14:3,9649.5,,,,,,,,,,
5-4 14:3,9649.5,,,,,,,,,,
5-4 14:3,9649.5,,,,,,,,,,
5-4 14:3,9649.5,,,,,,,,,,
5-4 14:3,9649.5,,,,,,,,,,
5-4 14:3,9649.5,,,,,,,,,,
5-4 14:3,9649.5,,,,,,,,,,
5-4 14:3,9649.5,,,,,,,,,,
5-4 14:3,9649.5,,,,,,,,,,
5-4 14:3,9649.5,,,,,,,,,,
5-4 14:3,9649.5,,,,,,,,,,
5-4 14:3,9649.5,,,,,,,,,,
5-4 14:3,9649.5,,,,,,,,,,
5-4 14:3,9649.5,,,,,,,,,,
5-4 14:3,9649.5,,,,,,,,,,
5-4 14:3,9649.5,,,,,,,,,,
5-4 14:3,9649.5,,,,,,,,,,
5-4 14:3,9649.5,,,,,,,,,,
5-4 14:3,9649.5,,,,,,,,,,
5-4 14:3,9649.5,,,,,,,,,,
5-4 14:3,9649.5,,,,,,,,,,
5-4 14:3,9649.5,,,,,,,,,,
5-4 14:3,9649.5,,,,,,,,,,
5-4 14:3,9649.5,,,,,,,,,,
5-4 14:3,9649.5,,,,,,,,,,
5-4 14:3,9649.5,,,,,,,,,,
5-4 14:3,9649.5,,,,,,,,,,
5-4 14:3,9649.5,,,,,,,,,,
5-4 14:3,9649.5,,,,,,,,,,
5-4 14:3,9649.5,,,,,,,,,,
5-4 14:3,9649.5,,,,,,,,,,
5-4 14:3,9649.5,,,,,,,,,,
5-4 14:3,9649.5,,,,,,,,,,
5-4 14:3,9649.5,,,,,,,,,,
5-4 14:3,9649.5,,,,,,,,,,
5-4 14:3,9649.5,,,,,,,,,,
5-4 14:3,9649.5,,,,,,,,,,
5-4 14:3,9649.5,,,,,,,,,,
5-4 14:3,9649.5,,,,,,,,,,
5-4 14:3,9649.5,,,,,,,,,,
5-4 14:3,9649.5,,,,,,,,,,
5-4 14:3,9649.5,,,,,,,,,,
5-4 14:2,9649.5,,,,,,,,,,
5-4 13:36,9665.37,,,,,,,,,,
5-4 13:36,9665.37,,,,,,,,,,
5-4 13:36,9665.37,,,,,,,,,,
5-4 13:36,9665.37,,,,,,,,,,
5-4 13:36,9665.37,,,,,,,,,,
5-4 13:36,9665.37,,,,,,,,,,
5-4 13:36,9665.37,,,,,,,,,,
5-4 13:36,9665.37,,,,,,,,,,
5-4 13:36,9665.37,,,,,,,,,,
5-4 13:36,9665.37,,,,,,,,,,
5-4 13:36,9665.37,,,,,,,,,,
5-4 13:36,9665.37,,,,,,,,,,
5-4 13:36,9665.37,,,,,,,,,,
5-4 13:36,9665.37,,,,,,,,,,
5-4 13:36,9665.37,,,,,,,,,,
5-4 13:36,9665.37,,,,,,,,,,
5-4 13:36,9665.37,,,,,,,,,,
5-4 13:36,9665.37,,,,,,,,,,
5-4 13:36,9665.37,,,,,,,,,,
5-4 13:36,9665.37,,,,,,,,,,
5-4 13:36,9665.37,,,,,,,,,,
5-4 13:36,9665.37,,,,,,,,,,
5-4 13:36,9665.37,,,,,,,,,,
5-4 13:36,9665.37,,,,,,,,,,
5-4 13:36,9665.37,,,,,,,,,,
5-4 13:36,9665.37,,,,,,,,,,
5-4 13:36,9665.37,,,,,,,,,,
5-4 13:36,9665.37,,,,,,,,,,
5-4 13:36,9665.37,,,,,,,,,,
5-4 13:36,9665.37,,,,,,,,,,
5-4 13:36,9665.37,,,,,,,,,,
5-4 13:36,9665.37,,,,,,,,,,
5-4 13:36,9665.37,,,,,,,,,,
5-4 13:36,9665.37,,,,,,,,,,
5-4 13:36,9665.37,,,,,,,,,,
5-4 13:36,9665.37,,,,,,,,,,
5-4 13:36,9665.37,,,,,,,,,,
5-4 13:36,9665.37,,,,,,,,,,
5-4 13:36,9665.37,,,,,,,,,,
5-3 21:50,9655.25,,,,,,,,,,
5-3 21:49,9643.52,,,,,,,,,,
5-3 21:49,9643.52,,,,,,,,,,
5-3 21:48,9643.52,,,,,,,,,,
5-3 21:47,9643.52,,,,,,,,,,
5-3 21:47,9643.52,,,,,,,,,,
5-3 21:46,9643.52,,,,,,,,,,
5-3 21:45,9643.52,,,,,,,,,,
5-3 21:44,9635.54,,,,,,,,,,
5-3 21:44,9635.54,,,,,,,,,,
5-3 21:43,9635.54,,,,,,,,,,
5-3 21:42,9635.54,,,,,,,,,,
5-3 21:42,9635.54,,,,,,,,,,
5-3 21:41,9635.54,,,,,,,,,,
5-3 21:40,9625.54,,,,,,,,,,
5-3 21:40,9625.54,,,,,,,,,,
5-3 21:39,9625.54,,,,,,,,,,
5-3 21:38,9625.54,,,,,,,,,,
5-3 21:37,9625.54,,,,,,,,,,
5-3 21:37,9625.54,,,,,,,,,,
5-3 21:36,9625.54,,,,,,,,,,
5-3 21:35,9621.24,,,,,,,,,,
5-3 21:35,9621.24,,,,,,,,,,
5-3 21:34,9621.24,,,,,,,,,,
5-3 21:33,9621.24,,,,,,,,,,
5-3 21:32,9621.24,,,,,,,,,,
5-3 21:32,9621.24,,,,,,,,,,
5-3 21:31,9621.24,,,,,,,,,,
5-3 21:30,9628.36,,,,,,,,,,
5-3 21:30,9628.36,,,,,,,,,,
5-3 21:29,9628.36,,,,,,,,,,
5-3 21:28,9628.36,,,,,,,,,,
5-3 21:28,9628.36,,,,,,,,,,
5-3 21:27,9628.36,,,,,,,,,,
5-3 21:26,9628.36,,,,,,,,,,
5-3 21:25,9628.36,,,,,,,,,,
5-3 21:25,9624.79,,,,,,,,,,
5-3 21:24,9624.79,,,,,,,,,,
5-3 21:23,9624.79,,,,,,,,,,
5-3 21:23,9624.79,,,,,,,,,,
5-3 21:22,9624.79,,,,,,,,,,
5-3 21:21,9624.79,,,,,,,,,,
5-3 21:20,9624.79,,,,,,,,,,
5-3 21:20,9621.12,,,,,,,,,,
5-3 21:19,9621.12,,,,,,,,,,
5-3 21:18,9621.12,,,,,,,,,,
5-3 21:18,9621.12,,,,,,,,,,
5-3 21:17,9621.12,,,,,,,,,,
5-3 21:16,9621.12,,,,,,,,,,
5-3 21:15,9621.12,,,,,,,,,,
5-3 21:14,9616.7,,,,,,,,,,
5-3 21:13,9616.7,,,,,,,,,,
5-3 21:13,9616.7,,,,,,,,,,
5-3 21:12,9616.7,,,,,,,,,,
5-3 21:11,9616.7,,,,,,,,,,
5-3 21:11,9616.7,,,,,,,,,,
5-3 21:10,9619.0,,,,,,,,,,
5-3 21:9,9619.0,,,,,,,,,,
5-3 21:9,9619.0,,,,,,,,,,
5-3 21:8,9619.0,,,,,,,,,,
5-3 21:7,9619.0,,,,,,,,,,
5-3 21:6,9619.0,,,,,,,,,,
5-3 21:6,9619.0,,,,,,,,,,
5-3 21:5,9619.0,,,,,,,,,,
5-3 21:4,9624.43,,,,,,,,,,
5-3 21:4,9624.43,,,,,,,,,,
5-3 21:3,9624.43,,,,,,,,,,
5-3 21:2,9624.43,,,,,,,,,,
5-3 21:1,9624.43,,,,,,,,,,
5-3 21:1,9624.43,,,,,,,,,,
5-3 21:0,9624.43,,,,,,,,,,
5-3 20:59,9621.13,,,,,,,,,,
5-3 20:59,9621.13,,,,,,,,,,
5-3 20:58,9621.13,,,,,,,,,,
5-3 20:57,9621.13,,,,,,,,,,
5-3 20:56,9621.13,,,,,,,,,,
5-3 20:55,9621.13,,,,,,,,,,
5-3 20:55,9599.35,,,,,,,,,,
5-3 20:54,9599.35,,,,,,,,,,
5-3 20:53,9599.35,,,,,,,,,,
5-3 20:53,9599.35,,,,,,,,,,
5-3 20:52,9599.35,,,,,,,,,,
5-3 20:51,9599.35,,,,,,,,,,
5-3 20:51,9599.35,,,,,,,,,,
5-3 20:50,9599.35,,,,,,,,,,
5-3 20:49,9585.96,,,,,,,,,,
5-3 20:48,9585.96,,,,,,,,,,
5-3 20:48,9585.96,,,,,,,,,,
5-3 20:47,9585.96,,,,,,,,,,
5-3 20:46,9585.96,,,,,,,,,,
5-3 20:46,9585.96,,,,,,,,,,
5-3 20:45,9585.96,,,,,,,,,,
5-3 20:44,9598.08,,,,,,,,,,
5-3 20:44,9598.08,,,,,,,,,,